RES_ID,rs,NUM_MAR,Age,LAND_DECIMAL,AN_INCOME
2V86005311,4,1,40,0,5000
2V41009906,8,1,40,30,8000
1V36023140,6,2,40,136.5,11000
1VB3020142,7,1,40,2,12000
1N00018806,4,1,40,25,14000
2O00010705,3,1,40,21,15000
1D93009445,2,1,40,27,15000
1V40000402,5,1,40,968,20000
1VBB007410,4,1,40,80,20000
2DX0026205,3,1,40,12,30000
2T00001812,5,1,40,3,36000
2V31037008,4,1,40,12,42000
1V49011944,5,1,40,360,44000
1P00006903,2,1,40,3,48000
1C00008806,4,1,40,6,48000
2U00082416,5,1,40,5,58000
2A00007403,2,2,40,12,60000
2V72020513,3,1,40,8,60000
2V10020304,4,1,40,15,72000
1D34012103,3,1,40,254,74000
2D90025814,5,1,40,4.5,84000
2V82018313,5,2,40,48,114000
1H00019507,3,1,40,3,120000
2VBC065307,3,1,40,0,120000
2V31015008,3,1,40,6,144000
1V90004504,1,1,40,0,300000
2V18012212,3,1,40,672,330000
1V61000940,2,1,40,0,480000
2T00005812,4,1,40,0,600000
1V45001405,5,1,41,0,18000
2V35040109,4,1,41,248,20000
1D30007802,5,1,41,0,24000
2V89018208,4,1,41,7,36000
3V59002608,2,1,41,0,60000
3D99049101,2,1,41,130,108000
1V06021507,2,1,41,0,168000
2V76011312,4,1,42,123,10000
2V49015508,3,1,42,25,14400
3V56028109,7,1,42,258,15000
3V31134308,2,1,42,0,15000
2V64046416,5,1,42,1,18000
2H00018006,4,1,42,0,18000
1V45001206,6,1,42,10,20000
1V87007406,5,1,42,15,20000
1V46003006,4,1,42,360,20000
4V33014906,8,1,42,360,22000
1V24018306,3,1,42,5,24000
1V0003870,4,1,42,15,24000
1V18025707,5,1,42,16,25000
2V95016503,8,1,42,13.5,26000
2V28000109,4,1,42,18,30000
1VB2009107,4,1,42,33,30000
1V24014105,4,1,42,48,30000
2VBC066706,5,1,42,248,38000
3V89036202,3,1,42,18,42000
2V32044606,5,1,42,0,48000
1V80009504,4,1,42,39,50000
2VBC023515,6,1,42,5,50000
1V41000506,4,1,42,1,54000
2VB6011211,5,1,42,0,54000
2DX1011612,4,1,42,120,58000
2VB6002012,3,1,42,0,60000
1H00016403,4,2,42,17,60000
1H00008006,4,1,42,3,60000
1V29003942,2,1,42,35,61600
4V19062410,7,1,42,37,70000
2V39000710,3,1,42,45,70000
4V11064202,8,2,42,0,72000
1VBC024704,3,1,42,8,72000
1VB5004304,6,1,42,10,72000
1U00077405,3,1,42,0,72000
1V54002905,4,1,42,9,75000
2V66012309,4,1,42,2,84000
2VB1017907,5,1,42,245,84000
1VB0007206,4,1,42,66,84000
4DX0036007,6,1,42,740,86000
2V36056108,3,1,42,18,90000
2VBA024711,4,1,42,1,96000
1V14004904,3,1,42,20,96000
1U00077343,4,1,42,33,111000
2W00092502,6,1,42,4,120000
1V72068140,4,1,42,11,120000
1V67005008,1,2,42,2,120000
2D89020409,5,1,42,135,138000
V31251302,5,1,42,52,140000
2V47025308,3,1,42,255,144000
2V45005412,8,1,42,240,144000
1D33004002,4,1,42,365,180000
2000033409,4,1,42,6,180000
1V06009608,3,1,42,13,240000
1V11003407,3,2,42,250,450000
4W00199602,2,1,42,300,470000
1V06010406,4,1,43,33.5,5000
2V72026409,4,1,43,6,8000
2N00015310,4,1,43,22,10000
1V80012214,3,1,43,54,12000
1VB3020142,5,1,43,1,18000
1V32030802,2,1,43,4,18000
1V00076107,4,1,43,0,36000
2V76010009,4,1,43,12,36000
2D98012311,2,2,43,35,36000
4V35006827,1,2,43,0,43200
2V79004210,4,1,43,1,48000
1D98005003,2,1,43,0,48000
1G00018203,3,1,43,4.5,55800
2V31129410,5,1,43,10,72000
2V76010911,1,1,43,0,240000
3V95052105,7,1,44,22.5,6000
2V82014315,4,1,44,13,18000
2V72008207,3,1,44,15,24000
1V57000741,3,1,44,42,24000
1V63009340,3,1,44,84,25000
1D32001949,5,1,44,50,30000
2V21007111,3,1,44,250,30000
2U00068910,5,1,44,36,40000
2D28010114,5,1,44,12,40000
2U00128705,3,1,44,0,48000
2A0000313,4,1,44,2,58000
1D93009411,6,1,44,52.5,58000
1VB5005209,6,1,44,0,59500
2V35036611,5,1,44,135,60000
1V16005807,3,1,44,57,70000
1V31100040,6,1,44,69,70000
1V74014903,3,1,44,30,72000
4V59034402,5,1,44,10,72000
1V49014305,4,1,44,135,76000
1DX1008305,3,1,44,7,80000
2V64067008,3,1,44,8,84000
1D00021506,2,2,44,9,90000
2V80000321,6,1,44,102,98000
2VBC000208,4,1,44,250,99000
1V00012404,3,1,44,0,120000
2V03008514,2,1,44,6,144000
1V27005643,5,1,44,0,156000
1VBC014205,3,1,44,0,168000
1A00002407,1,1,44,75,192000
2V61000903,2,1,44,40,252000
2U00042807,3,1,44,167,1205000
1V31041503,4,1,45,53,6000
1V02005606,3,1,45,600,6000
1V56014505,4,1,45,0,10000
1V43004840,4,1,45,18,10000
3V72046705,6,1,45,5,14000
1VBA028003,2,1,45,1,14400
1D31007705,3,1,45,66,15000
1F00023102,4,1,45,5,15000
2V31085311,3,1,45,2,18000
1U00086803,4,1,45,50,18000
2V42009305,3,1,45,12,20000
3V08002008,5,2,45,120,20000
1DX0038644,4,2,45,137,20000
1VB0007003,6,1,45,6,27000
2VB3032505,6,1,45,123,30000
3A00004309,4,2,45,3,42000
1D99021505,2,2,45,45,48000
2N00003517,3,1,45,83,52000
1W00029602,4,2,45,5,60000
2VB4020313,3,2,45,28,60000
1V69007006,3,1,45,9,75000
3DX1001107,1,2,45,28,75000
2V35000112,4,1,45,4,84000
2VBB062801,5,1,45,6,96000
3W00080906,7,1,45,730,122000
1V33011506,4,1,45,25,240000
1V31040506,3,1,46,0,10000
4V73014005,6,1,46,614,12000
2U00088404,5,1,46,240,15000
1VB4021505,4,1,46,261,20000
3V95031808,5,2,46,4,21600
2DX0016304,5,1,46,366,30000
2V55002907,5,1,46,210,30000
2V75006201,3,1,46,258,34000
2V64047218,4,1,46,1331,40000
1N00017706,3,1,46,5,49000
1V32018142,3,1,46,32,60000
1D17016005,1,1,46,54,63000
1V68007804,5,1,46,11,72000
1VBB051003,3,1,46,27,76000
2V72044708,4,1,46,41,92000
2U00076811,3,1,46,250,230000
1D99006104,5,1,47,372,4000
1V73002340,5,1,47,56,5000
1U00095004,3,1,47,252,7000
1D93002503,4,1,47,15,15000
1V72008740,3,1,47,56,20000
2VB3022511,5,1,47,47,20000
1V54007908,4,1,47,58,24000
1V31094041,6,1,47,150,25000
2VB5017304,3,1,47,9,27000
2V05038912,5,1,47,24,30000
4V34001308,4,1,47,126,30000
1V18021705,4,1,47,10,34600
1V35025204,3,1,47,0,36000
1V03003241,5,1,47,1.5,36000
1V11013142,3,1,47,7,36000
1O00007505,3,1,47,126,36000
2V24027709,3,2,47,82,40000
1V63002841,4,1,47,52,40000
2VB2006508,5,1,47,150,44400
2VB1000207,5,1,47,0,48000
1VBB037341,6,1,47,10,48000
2V00052019,6,1,47,18,48000
2VBC073201,2,1,47,4,48000
1V47010640,5,1,47,36,51000
4V12000606,5,1,47,3,53000
1V01006045,3,1,47,0,58000
2V25002211,3,1,47,126,61000
1V20010603,6,1,47,25,63000
2VB8005922,8,1,47,102,68000
1D97005303,3,1,47,0,72000
1V22002105,3,1,47,7,72000
4V95015712,7,1,47,102,72000
1V24019306,4,2,47,120,73000
1V57010504,6,1,47,38,75000
2D98037109,4,1,47,82.5,94000
1D98017607,5,1,47,45,102000
1V25016306,4,1,47,0,120000
4V53036607,9,1,47,22.5,120000
2V54001317,4,1,47,35.5,120000
2D60005506,5,1,47,56,125000
4V19046406,4,1,47,50,135000
1V69018903,3,1,47,65,149000
2V36036307,5,1,47,70,178400
3W00076904,5,1,47,124,180000
2VBB025312,7,1,47,618,224000
2D93014705,4,1,47,7.5,240000
4D99039706,6,2,47,0,240000
1V26019941,4,1,47,145,246000
2U0069007,7,1,47,57,270000
4V13005305,7,1,47,15,360000
1U00026405,2,1,47,4,360000
4VBC004008,4,1,47,126,375000
4V80007908,4,1,47,500,410000
1V86007042,6,1,47,250,488000
1V40000104,5,1,48,10,8000
1V25021110,3,1,48,0,12000
2V01013101,3,1,48,22,18000
4V82038102,5,1,48,18,18000
1V72057203,4,1,48,5,30000
1V36013004,6,1,48,130,30000
2V61007708,3,1,48,25,33000
1V63010302,2,2,48,24,36000
1V35028505,4,1,48,12,42000
1V35038043,3,1,48,80,44400
2V75005517,3,1,48,0,48000
1DX0004844,5,1,48,3,53000
1P00002310,2,1,48,2,60000
1U00052403,3,1,48,37,60000
1V72027145,2,1,48,9,120000
1F00017103,4,1,48,120,120000
2G00005223,5,1,48,67,120000
3W00100602,2,1,48,1250,144000
1D29001902,6,1,48,0,180000
1D00021544,5,2,48,16,186666
4VB4096702,2,1,48,135,966000
1V89002202,5,1,49,90,17000
1D98010804,4,1,49,6,24000
2V21001005,4,1,49,0,24000
1V02005606,5,1,49,128,25000
2V57011307,4,1,49,70,27000
1V24031247,4,1,49,3,39000
2D95000706,6,1,49,4.5,48000
1VBB007504,1,1,49,19,48000
2V72088601,3,1,49,24,48000
1V32022802,4,1,49,4.5,51000
2V31080905,4,1,49,39,57000
1D94004308,5,1,49,4.5,60000
1DX0000241,4,2,49,15,68000
1V06008502,3,1,50,46,500
2V80010912,6,1,50,18,1000
2D88020311,6,1,50,25.5,3000
1VBB037341,7,1,50,0,4000
1A00006402,7,1,50,20,6600
2V31093707,9,1,50,250,10000
1DX0025104,5,1,50,4,10000
4V18049212,6,1,50,31,15000
1V57000741,8,1,50,748,15000
2V40000806,3,1,50,78,15000
1V06012002,7,1,50,510,15600
1V60007203,4,1,50,37.5,18000
1C00047303,6,1,50,0,19400
1V35020340,7,1,50,130,20000
1V68006541,5,1,50,2,24000
2A0000313,5,1,50,3,36000
1V12002040,7,1,50,8,36000
1V72069840,5,1,50,41,36000
1V15009140,7,1,50,40.5,41000
2V47015617,6,1,50,198,42000
1C00046242,5,1,50,48,51000
1D94003502,7,1,50,24,52000
1B3035409,8,1,50,126,56000
1D98035141,5,1,50,0,56000
3P00006908,2,3,50,8,60000
2VB6011210,5,1,50,8,60000
1V20007602,4,1,50,60,65000
1V24008302,3,2,50,5,72000
1U00052403,7,1,50,180,76000
1V26009441,4,1,50,3,120000
3G00032609,6,1,50,15,120000
1VB3014203,4,1,50,18,120000
1V60006741,3,1,50,7,125000
1P00009604,3,1,50,51,125000
1V27012242,4,1,50,67,165000
3D34025806,4,1,50,3,180000
1D35006603,6,1,50,125,194000
1V06008502,1,1,51,15,3000
1D97004103,2,2,51,7.5,12000
1V72001602,5,1,51,5,16000
1V00078908,4,1,51,30,20000
1V3203304V,6,1,51,240,30000
1V64000204,4,1,51,3,36000
1V35004703,5,1,51,18,48000
1D02012103,5,1,51,3,48000
2V20005444,2,1,51,120,64000
1V63014905,4,1,51,49,72000
1V72041040,5,1,51,72,76000
1V24034805,4,1,51,135,99000
1V31060503,1,1,51,20,120000
1V40000402,4,1,51,275,172000
1D90033640,8,1,52,127.5,3600
2V82001305,6,1,52,47,5792
2V11012205,4,1,52,21,7000
1V41003502,11,2,52,35,8000
1T00002740,6,1,52,13,10000
1C00004003,7,1,52,12,10000
2V03000711,6,1,52,50,10000
2D93006410,5,1,52,6,12000
1V36023140,4,3,52,250,12000
1V83005541,6,1,52,278,12000
2W00084602,3,1,52,6,12000
1U00070640,8,2,52,10,15000
1V49006403,4,1,52,112,15000
1B00003502,2,1,52,49,16000
2V76010911,12,2,52,12,17000
2V72024611,4,1,52,26,20000
2V11025204,4,1,52,1018,20000
4V49012706,9,1,52,6,24000
2VBB013305,6,1,52,5,24400
2D97012402,5,1,52,388.5,25000
2V05007407,7,1,52,22.5,30000
1G00022204,4,1,52,78,30000
2V35003909,4,1,52,3,36000
1V09009507,7,1,52,0,36000
1VBA009804,3,1,52,120,36000
1VBB039707,4,1,52,5,37000
3V36012203,2,1,52,9,39600
2V17015006,4,1,52,12,40000
1V80008304,7,1,52,102,40000
1V35023541,4,1,52,130,42000
2V34001608,6,1,52,0,48000
2V61004311,7,1,52,5,48000
1V60004540,4,1,52,174,48000
4V36139802,13,2,52,8,48000
1VB3020443,7,1,52,9,48000
1U00039442,5,1,52,18.5,48000
4V75004606,7,1,52,366,50000
1V00095245,6,1,52,22,50000
4V30008013,6,1,52,370,50000
1V24016003,4,1,52,249,54000
1V84026841,4,1,52,42,56000
1V35020340,4,1,52,40,58000
2V41009906,5,2,52,495,58000
1V36008703,5,1,52,20,60000
1D90011710,5,1,52,45,60000
2V56000808,8,1,52,54,60000
2VBC069407,4,1,52,10,60000
1V19026203,3,1,52,36,60000
2V10003930,6,2,52,149,63000
1V64005604,3,2,52,90,66000
1V36033103,5,1,52,16,68000
1U00026403,7,1,52,130,72000
2V16004211,3,1,52,23,72000
4V36089007,4,1,52,147,80000
4G00022208,3,1,52,62,82000
1V05025107,4,1,52,3,84000
1A00016605,5,2,52,43,84000
1V50009205,3,1,52,600,84000
1V80002302,7,1,52,5,85000
2VBC033808,6,1,52,0,96000
4VBB075211,9,1,52,2,105000
2D90065706,5,1,52,3,106000
1T00013507,4,1,52,130,108000
1VBC007402,5,1,52,250,117000
1V20013108,5,1,52,42,120000
1V18000204,4,2,52,30,120000
3V36078804,6,1,52,840,120000
1VB3005141,4,1,52,0,120000
1V18035802,5,1,52,2,121000
1W00028204,3,1,52,50,130000
1V18001503,4,1,52,42,145000
2V64011123,1,1,52,185,146000
2V66011508,6,1,52,24,154500
2V90003809,5,1,52,496,156000
2V18030027,3,1,52,12,180000
1V41012307,5,1,52,36,216000
2V36067215,5,1,52,607,282000
2V72065205,4,1,52,144,360000
2D90057105,4,1,52,255,375000
1V45010804,4,1,53,43,15000
1V61002003,2,2,53,0,20000
1V05026503,5,1,53,19.5,26000
1V72037503,6,2,53,2,30000
1A00001309,7,1,53,84,30000
1V63019805,1,2,53,7,36000
1D98024904,4,1,53,33,38800
1V96003807,5,1,53,12,42000
1V3602440,4,1,53,506,346000
1V56014505,4,1,54,12.5,7000
2V64066811,5,1,54,4,12000
1V41003502,4,1,54,35,14000
1DX0029202,3,1,54,368,20000
2D35006210,5,1,54,260,30000
2B00031507,2,2,54,4.5,36000
1V34000102,5,1,54,10,40000
4V31247902,6,1,54,42,45000
1V31070440,7,2,54,33,46000
1V18031004,3,1,54,3,58000
1V26016542,3,1,54,5,60500
1P00002105,4,1,54,5,72000
1V68005203,4,2,54,11,72000
1V31105107,5,1,54,69,72000
1N00018141,6,1,54,126,72000
2V22004607,4,1,54,370,73000
1V31045604,6,1,54,70,75000
1V13000340,3,1,54,121,80000
1V31094444,5,1,54,30,128160
2V36036613,7,1,55,33,2000
2V56013730,7,1,55,57,5000
1V47010640,3,1,55,363,5000
2V90002113,4,1,55,150,10000
4V27020402,4,1,55,246,10000
3DX1001107,5,1,55,260,10000
1V72021502,6,1,55,36,13000
4V28017305,6,1,55,132,14000
1V34000102,5,1,55,10,20000
1V08009443,6,1,55,850,20000
1V99003806,6,1,55,6,30000
1V16006605,6,1,55,50,35000
2VB6002012,6,1,55,6,36000
1V53038740,3,1,55,52.5,48000
2V39000710,10,1,55,280,68000
1V36019004,4,1,55,130,72000
1V68008340,4,1,55,10,72000
1V76017540,7,1,55,285,75000
2V36066908,6,1,55,367,84000
1V58014610,6,2,55,402,89000
2V19039308,6,1,55,5,108000
1V26011502,7,1,56,160,5000
2D97012402,7,1,56,0,12000
4D96018612,3,1,56,0,12000
1H00011209,4,1,56,16,22000
2DX1011612,5,1,56,19,24000
1V79001912,4,1,56,5,30000
2V00046008,8,1,56,128,32000
1V05044606,7,1,56,3,38400
1V59006602,7,1,56,97,53000
1U00067809,6,2,56,31.5,58000
1D31000309,8,1,56,10,60000
1V20009802,6,1,56,12,72000
1D98039605,4,1,56,210,90000
1V31040202,4,1,57,240,3000
1VB3004205,1,4,57,6,5000
1G00024903,6,1,57,27,5000
1V36043902,2,1,57,37,5000
2U00117205,4,1,57,1.5,10000
1V89016340,3,2,57,66,10000
1V48003203,6,2,57,126,12000
2U00068809,6,1,57,24,15000
1U00063913,6,1,57,27,15000
1V57011605,4,1,57,33,15000
3V49011018,5,2,57,78,18000
1V24013402,6,1,57,31,20000
1V41000506,6,1,57,82,25000
4V36097111,6,1,57,13.5,30000
3V64070610,5,1,57,258,30000
1V45003841,5,1,57,315,30000
4V31232302,4,1,57,18,34000
1D88014242,5,1,57,0,36000
1VB9001704,3,1,57,3,36000
1V36007512,6,1,57,480,36000
1VB4011105,4,1,57,20,36000
2V83003407,5,1,57,4,40000
3V74009004,9,1,57,320,42000
3D34014808,7,1,57,250,50000
1V48001303,4,1,57,80,50000
1V55006010,4,2,57,0,52000
1V82013541,4,1,57,60,53000
1A00012402,5,1,57,6,60000
1V99003616,4,1,57,6,60000
3V32032608,10,2,57,5,60000
4V12014404,6,1,57,63,64000
1V26016803,5,4,57,2,75600
2T00000827,7,1,57,16,80000
1VB3019902,7,1,57,3,84000
1V11010206,4,1,57,118,84000
3VBC069812,8,1,57,123,92000
1V18001702,5,1,57,40,104000
2V56017904,6,1,57,120,120000
1V70007906,2,1,57,13.5,120000
1V63023003,4,1,57,290,125000
1U00018510,7,1,57,18,130000
1H00009603,2,1,57,22,134000
1V11005342,3,1,57,89,140000
2V24024029,8,1,57,24,270000
1V62006105,3,1,57,51,360000
1V27010443,5,2,57,77,615000
1V53038740,5,1,58,388,8900
2V20010919,5,1,58,20,10000
1G00031702,5,1,58,128,10000
1DX0044302,5,1,58,5,18000
1V35004703,5,1,58,0,24000
1V27003602,5,1,58,27,25000
1V05026906,4,1,58,21.5,26200
1V89017003,3,1,58,9,31200
1V20001502,6,1,58,4.5,36000
1VBB046613,7,1,58,140,40000
1VB4035210,8,1,58,15,48000
1V10013108,4,1,58,36,48000
1U00020209,7,1,58,145,57000
1V76001202,9,1,58,1250,58000
1V36004302,1,1,58,2,60000
2V05008111,6,1,58,124,65000
1D19036803,4,1,58,27,66000
1V54000542,2,1,58,71,84000
1V53028003,4,1,58,398,121000
2V09019106,4,1,59,10,3400
1V6425640,6,1,59,0,3600
1N00004940,7,1,59,630,5100
1V45009443,5,1,59,15,8000
3VBB014118,6,1,59,41,22000
1V26027505,4,1,59,4,24000
1V53032103,6,2,59,4.5,24000
2W00063205,6,1,59,480,24000
1V89013408,8,1,59,60,27600
1D31007705,5,1,59,100,36000
1V09004102,5,1,59,57,56000
4W00194402,4,1,59,30,60000
1L00003613,5,1,59,129,63000
1D58008603,6,1,59,240,63000
3V72007905,5,1,59,6,63000
1V74014903,5,1,59,380,92000
2W00047602,9,1,59,380,104000
3W00016616,6,1,59,170,240000
1V59001806,5,1,59,72,360000
1V36013004,8,1,60,640,1000
1V18042105,6,1,60,22,4000
1V50003704,3,1,60,25.5,5000
1U00091502,6,1,60,42,5000
1V06034304,4,1,60,0,9200
1A00012402,9,1,60,9,9700
1V53032103,2,2,60,0,11000
1V00078908,5,1,60,24,13600
1V18027508,6,1,60,6,15000
1V63017002,7,1,60,372,15000
1D88002803,3,1,60,360,15000
3D99049101,5,1,60,720,15840
1T00014807,9,1,60,4,22000
1DX0000241,8,2,60,480,22000
1C00004003,5,1,60,132,22000
2V19048507,5,1,60,0,24000
1V72055742,5,2,60,0,24000
1D13037203,5,1,60,34,24000
1VBB002509,6,1,60,606,24000
1V63010302,13,2,60,376,25000
1V30000904,11,1,60,15060,25000
1V72015803,3,1,60,4,26400
1D99021505,8,1,60,738,29000
2V76011312,9,1,60,366,30000
2V54001317,11,1,60,52.5,30000
1V98000605,4,1,60,3,36000
4V72143403,5,1,60,5,36000
1D93002503,8,4,60,10,36000
1V05004041,6,1,60,12,36000
1V57011605,8,1,60,3,36000
1N00024202,6,2,60,40,36000
2V31037008,4,1,60,140,45000
2D28010114,4,1,60,0,48000
2V24021708,9,1,60,6,48000
1V36033009,3,1,60,6,48000
1V45003841,8,1,60,210,50000
1P00002105,7,1,60,23,54000
1U00048408,8,1,60,6.5,58000
1H00008006,7,1,60,4,60000
1V24018306,9,1,60,30,65000
2U00088404,8,1,60,480,69000
1V19036404,6,1,60,26,71000
3V39005807,6,2,60,0,72000
2V80012209,7,1,60,263,80768
1V05021402,6,1,60,80,82000
2V87004813,9,1,60,3060,84000
2U00042807,8,1,60,57,120000
2VBC055508,4,1,60,415,296000
1V40006704,5,1,61,27,10000
2D99007404,6,1,61,378,14000
1VB3035402,8,1,61,247,20000
4V59022108,7,1,61,250,20000
1D31004703,3,1,61,51,23600
1V25020804,3,2,61,30,24000
1VB1013404,3,1,61,124,24000
1V06019710,6,1,61,480,25000
1VBB007441,8,1,61,132,26000
4T00014609,5,1,61,30,30000
2V24027510,4,1,61,23,36000
1VB2005902,7,1,61,155,53000
1VB0019802,5,1,61,57,60000
1V57007340,4,1,61,13,63000
1V18034405,5,1,61,127.5,92000
1V16004002,5,1,62,27,1000
1V36023802,4,1,62,365,2400
2V31129410,7,1,62,3,4800
1V56014202,4,1,62,7,5000
1V05009502,5,1,62,980,5000
1V36063905,4,2,62,30,7200
1V32031702,5,1,62,37,7400
1V35021808,3,1,62,17,8000
1V41010806,4,1,62,3,9000
2V54009805,5,1,62,4.5,10000
1V12002040,8,1,62,10,10000
1V00075304,5,1,62,60,10000
1U00095004,6,1,62,250,10000
2D89009304,9,1,62,45,10000
1VBA006102,5,1,62,240,10000
2V36062017,6,1,62,37,10500
2V70010505,2,1,62,9,12000
1VBB008102,6,1,62,12,12000
1V84018511,1,1,62,16,12000
1U00086803,2,1,62,129,12000
1V86003804,6,1,62,147,12980
1V69018903,5,1,62,243,15000
1V36031802,6,1,62,247,15000
2V67006715,5,1,62,265,15000
1V40008404,5,1,62,496,15000
1D00022040,2,3,62,1,18000
3O00011607,7,1,62,0,20000
2D31016612,5,2,62,0,20000
1V72074940,3,1,62,36,21000
3C00098002,4,2,62,9,24000
2V89018208,6,1,62,1810,24000
1D34012103,7,2,62,260,25000
3V84003007,8,1,62,384,25000
2V80009411,3,1,62,54,26000
1D33012240,7,1,62,0,30000
1D13037203,4,2,62,4.5,30000
1V40004902,5,1,62,1080,30000
V47022602,3,1,62,255,35000
2V35000112,5,1,62,3,36000
1VBA013108,4,1,62,8,36000
1V28010808,5,1,62,10,36000
2B00031507,9,1,62,24,36000
1G00000110,6,1,62,255,36000
3V31133504,8,1,62,8,36000
1D97001541,5,1,62,15,39000
4V17012014,10,1,62,14,39000
1D48013403,4,1,62,98,40000
1VB9001002,5,1,62,51,44000
2D90025814,5,1,62,84,45000
1VBA019640,5,1,62,245,48000
1V72068140,7,1,62,30,48000
2V02005305,5,1,62,85,49000
1V28015602,11,1,62,360,49000
1K00004502,6,1,62,253,49000
1G00018203,5,1,62,43.5,50000
1D03067006,9,1,62,250,50000
4V21014002,9,2,62,420,50000
3D35006706,5,2,62,505,50000
4A00079801,8,1,62,50,56000
1V27004805,5,1,62,222,60000
1C00032004,5,1,62,120,60000
1V79001907,7,1,62,7,60000
1V50003704,3,2,62,0,60000
1V31105546,9,1,62,138,61000
3V72004809,7,1,62,20,70000
4V36122612,4,1,62,21,72000
1V35003715,6,1,62,8,81000
1VB0007206,6,1,62,150,85000
1N00021940,6,1,62,370,88000
2V54000313,3,1,62,3,96000
1W00005102,4,2,62,8,96000
1V32010010,3,1,62,108,96000
4C00017506,4,1,62,255,99000
1S00004241,6,1,62,130,100000
1V08009707,9,2,62,4920,100000
2V20010923,7,1,62,0,101000
1V30000904,4,1,62,265,108400
2DX0026205,5,2,62,255,118000
1VBA031142,4,1,62,15,120000
4U00016106,5,1,62,12,120000
4F00026304,5,1,62,60,120000
2V47021905,11,2,62,80,150000
2V09003806,7,1,62,120,180000
2V10022517,9,2,62,56,180000
3V59020308,7,1,62,0,180000
2V72084517,7,1,62,240,180000
4V84016907,7,1,62,45,184000
2VBA024605,5,1,62,124,245000
4V23009907,9,1,62,3,360000
1V05009502,5,1,63,373.5,2000
1V89013408,3,1,63,378,6600
1VB4031602,7,1,63,0,10000
1V72061903,2,1,63,30,12000
1V36052102,6,1,63,5,24000
1V25018303,4,2,63,257,25000
1G00003440,7,1,63,15,53000
1N00004940,3,1,63,67,79000
1V01008446,6,1,63,83,120000
1V32013202,4,1,63,492,145000
1V36023802,5,1,64,252,5000
1V63017002,3,2,64,368,12000
1V19008602,4,1,64,61,13116
1P00003202,5,1,64,11,14400
1V26027505,8,1,64,0,15000
2D88009109,6,1,64,207,15000
1V28015602,7,3,64,21,20000
2D28010708,11,1,64,160,20000
1V76015202,2,1,64,130,22800
1V05006406,5,1,64,75,30000
3D34003210,8,2,64,285,30000
2VBC065307,5,1,64,128,30000
4VBC078114,6,1,64,370,35000
1VBB020802,4,1,64,38.5,40000
1V63009340,9,1,64,0,48000
1V06012002,5,1,64,22.5,55000
1V30006901,3,1,64,4,60000
3V59002210,6,1,64,29,60000
4VBA022506,5,1,64,6,60000
4DX0057608,3,1,64,85,70000
4V26047708,6,1,64,30,74000
1D94011802,6,1,64,129,76000
1VBB038802,8,1,64,80,78000
2L00003407,4,1,64,4,92000
2V18030027,7,1,64,530,110000
1V60004604,6,1,64,260,164000
2D90060602,6,1,65,66,2000
1V72001602,6,1,65,480,3000
1V82011740,4,1,65,0,5000
3V95031808,8,1,65,18,5000
1DX1002205,5,1,65,510,5480
1VB0020341,7,1,65,26,10000
4C00039906,6,1,65,2880,12000
1D92002402,5,1,65,4.5,24000
1V84001208,2,2,65,126,25000
1DX1000507,4,2,65,246,25000
1D98005003,3,1,65,13.5,30000
1V34005542,7,1,65,52,30000
1VBB010907,6,1,65,265,40000
2V36056108,4,2,65,620,40000
2VB0018706,5,1,65,10.5,44000
1VBC001504,4,1,65,9,54000
1V31036302,6,1,65,72,57000
1V31008241,6,1,65,6,68000
1V26011502,2,2,65,267,68000
1V25016306,7,1,65,130,80000
1D34009001,1,1,65,7,84000
1V06019706,9,1,65,64,84000
2V64067008,9,1,65,252,92000
2V06022804,6,1,65,120,120000
1V95000702,6,1,65,19.5,180000
1V10013108,6,1,66,36,2000
1V07003202,6,1,66,35,3500
1V72057203,5,1,66,90,5000
1V29005342,2,1,66,38,9400
2V35040109,8,2,66,312,11000
1V87002806,4,1,66,27,12000
1V45008802,6,1,66,28,12000
1VB1013404,5,1,66,730,16800
1D58008603,7,1,66,612,24000
1VB2004241,8,1,66,0,24000
2U00082512,9,1,66,9,27000
1V76004809,7,1,66,600,30000
1N00023202,6,1,66,1926,44000
1V35028505,7,1,66,135,75000
4G00037906,12,1,66,420,100000
2V72020513,6,1,67,78,3000
2V16007109,7,1,67,258,3000
1D88027804,4,1,67,1.5,3600
1V76009843,4,1,67,84,5000
1VB5004304,5,1,67,24,7200
1V24008303,4,2,67,252,7400
1V65001843,5,2,67,1440,9000
3V24048105,6,1,67,62,10000
1V89002202,9,1,67,129,10000
1S00014802,4,1,67,40,12000
1V05026503,9,2,67,617,13000
4VB6011602,6,1,67,130.5,15000
1VBB007410,8,1,67,129,15000
1V21003302,5,1,67,36,16000
1V65001912,6,1,67,126,16000
2V06022804,6,1,67,90,18000
1VB2009107,5,1,67,100,20000
1V72037503,6,2,67,3,24000
2VBC055308,7,1,67,0,30000
1DX0025104,8,1,67,0,30000
1V00076107,8,1,67,24,30000
1V26010702,7,1,67,255,30000
1V36007502,8,1,67,283,30000
2V79004210,11,1,67,174,36000
1V06032102,8,1,67,126,36000
4V76027809,5,1,67,140,38000
1V80005306,11,1,67,720,40000
1W00005102,7,1,67,6,42000
4V75003806,10,1,67,50,42000
1U00013041,5,2,67,10,42000
3V89036202,7,2,67,35,42000
1V60009002,5,1,67,379,46000
1V91003903,3,1,67,5,48000
3W00091107,5,1,67,612,48000
2V21007111,8,1,67,1220,50000
1V61009341,7,1,67,380,51000
1B00000341,9,1,67,378,54000
1V0003870,5,1,67,28,56000
1R00011541,8,3,67,176,60000
2V72044708,9,2,67,108,60000
3VBC095202,8,1,67,25,64000
1V87007406,6,1,67,375,70000
3O00010407,5,1,67,492,72000
1V06034304,6,1,67,36,72000
1U00078945,6,1,67,156,73000
1P00008407,5,1,67,132,75000
1V01004802,6,1,67,96,77000
1D98010804,8,1,67,42,84000
2D28009718,6,1,67,140,85000
3V59002608,7,1,67,145,96000
2R00023502,4,1,67,500,107000
4R00010415,10,1,67,257,110000
1V18011503,5,1,67,128,111000
1F00023102,5,1,67,34,144000
1V60006741,8,1,68,150,3000
1V24008302,7,2,68,46,44000
1F00020602,6,1,68,54,48000
1VBA006102,4,1,68,363,48000
1V38014802,6,1,68,10,60000
2V00007409,8,1,68,4,120000
1A00015541,9,1,68,270,174000
2V34002708,6,1,68,30,360000
1D90011710,5,1,69,3000,5000
3A00004309,5,1,69,240,30000
1V73002340,7,1,69,245,30000
1VBC014205,9,1,69,6,36000
1V11003606,5,2,69,55,38500
1DX0020107,6,1,69,253,63200
1V22002105,7,1,69,85,120000
1VBB051003,9,2,70,60,500
1U00091502,7,1,70,84,3000
2V40000806,8,1,70,360,4000
1T00014807,7,1,70,24,5000
1V43004840,6,2,70,640,5000
1V60009002,8,1,70,600,5000
1U00039442,7,1,70,492,6000
1V05021402,9,2,70,0,6000
1V05042402,7,1,70,33,6000
1V16004002,7,1,70,270,7500
2V63032206,6,1,70,730,8000
3V19068510,6,1,70,42,9000
1V36031802,4,1,70,360,10000
1D88002803,4,2,70,246,10000
1VBA028003,3,2,70,3,12000
1VBA013108,1,1,70,5,12000
1V18031004,4,1,70,44,12000
1D98040702,6,1,70,12,12000
1V72069840,3,2,70,0,12400
1V60004540,9,1,70,720,14000
1V63001702,1,1,70,64,15000
1V24014105,6,1,70,90,15000
2V42009305,10,1,70,100,15000
2V82014315,6,1,70,144,15000
1V11002302,4,1,70,33,15000
1V48003203,6,2,70,8430,15000
1V11003407,9,1,70,26,15000
2DX0016304,7,1,70,360,16000
1N00017706,6,1,70,280,17000
1V05042402,3,1,70,0,18000
1V65001912,8,2,70,250,20000
2N00012706,6,2,70,13,20000
1V20001502,8,3,70,6,24000
1V62006105,11,1,70,12,24000
1V31040506,9,1,70,40,24000
2V84019006,9,1,70,370,30000
1V01008446,9,1,70,0,32000
1VBB020802,9,2,70,90,32000
1U00063913,6,2,70,25,36000
3V74011906,5,1,70,765,40000
2D30001907,11,1,70,30,41000
3V31134308,11,1,70,48,44000
2D00019106,6,1,70,18,47000
1V36007502,6,1,70,1680,50000
1V36063905,5,1,70,484,51000
1VBA027007,7,1,70,246,51000
1V07003202,4,1,70,500,52200
3V56019305,7,1,70,104,56000
1V03003241,10,1,70,15,60000
2000033409,4,1,70,15,72000
1D98035141,4,1,70,124.5,72000
1D17016005,14,2,70,720,76000
1V72009540,10,2,70,255,98000
1V51015802,4,1,70,0,120000
1D30004507,5,1,70,494,120000
4V65010809,6,1,70,130,200000
1V00012404,4,1,70,375,360000
2V18012212,13,1,70,730,440000
1V96001440,12,1,71,0,10800
1V72015803,9,1,71,501,14400
1V86003310,5,1,71,1200,25000
1V06021507,7,1,71,180,40000
2VB2011009,9,1,71,0,62000
2VBC073201,10,1,71,1440,78000
1DX0005405,3,1,71,550,103000
1V63026808,6,1,72,141,1720
1V25020804,6,1,72,0,4000
1V27009102,5,1,72,8,8000
4V24036706,7,1,72,0,10000
1V32017942,8,1,72,480,12000
4V26059502,8,1,72,366,12000
1U00067809,7,2,72,30,12200
1H00016403,4,1,72,34,15000
3V59032802,8,1,72,500,15000
1V35023541,6,2,72,18,16000
1V76015202,5,2,72,5640,17600
1D02012103,5,1,72,7.5,18000
1V35041841,7,1,72,110,18000
1V55005342,4,1,72,126,20000
3V59003311,6,1,72,54,20000
1V64005604,3,1,72,13,20000
1P00009604,9,1,72,240,20000
1V53031306,5,1,72,500,25000
2V71001209,9,1,72,480,26400
3V31149711,9,1,72,126,30000
2V82012112,9,1,72,1080,30000
2V34012106,6,1,72,55,30000
4V26017604,10,2,72,252,40000
1H00009603,5,1,72,30,42000
1V68008340,4,1,72,140,42000
1VB5005209,7,2,72,360,42000
2V82015108,9,1,72,140,45000
3D33008741,10,1,72,0,48000
1V26016542,7,2,72,5,48000
2V47025308,8,1,72,492,48000
4D35007804,9,1,72,1080,50000
2V56013729,10,2,72,60,50000
1D32001949,5,1,72,480,51000
1V87007341,7,1,72,18,60000
1V72027145,9,1,72,3,60000
1DX0038644,8,1,72,145,66000
1V18025707,13,2,72,135,84000
2W00062002,6,1,72,6,84000
1V74014141,7,1,72,0,96000
1V17011741,12,1,72,131,110000
3V09014908,9,1,72,480,121000
4V72166102,6,1,72,192,140000
4V12014404,9,2,72,960,160000
1V40008404,9,1,72,1240,174000
1VB6002041,6,1,72,140,435000
1V79001907,5,1,73,120,3000
2N00015310,4,2,73,1080,15000
1DX0044302,8,1,73,622,20000
1V41010806,8,1,73,262,34000
2V00024411,9,1,73,11,42000
2V32021741,7,1,73,54,96000
1V33011506,5,1,74,85,1200
1V36019004,8,1,74,260,6000
1D00022040,11,2,74,30,6000
1V22006406,5,1,74,252,7000
1V24019306,8,1,74,255,90000
2U00120904,10,1,74,480,96000
1N00023202,7,1,74,376,114000
1V32022802,8,1,75,84,5000
1D98040702,5,1,75,840,5000
2V31085311,11,2,75,132,8000
1V76001202,2,1,75,258,8600
3V72040112,8,1,75,81,10000
1V27003602,5,2,75,252,15000
1V45001206,6,1,75,490,15000
4V27007211,8,1,75,150,24000
1V19036404,4,2,75,640,25000
1V36033009,7,1,75,255,25000
1V49014305,8,2,75,390,30000
2V03011002,10,2,75,62,36000
1D48013403,6,1,75,496,38000
1V63019805,6,1,75,12,46000
1V80008304,9,1,75,450,50000
3W00100602,10,1,75,726,60000
1V11005342,8,1,75,53,70000
1VB3019902,6,2,75,5,72000
1V70007906,10,1,75,18,96000
2W00084602,3,1,76,132,12000
1V55006010,5,2,76,600,15000
1V64000204,6,1,76,5,18000
1V31105107,7,1,76,720,70000
1V25018303,5,1,76,390,78000
1V61002003,4,1,77,84,5400
3V84051602,9,1,77,50,10000
1V67003008,8,1,77,150,10000
1V28010808,7,1,77,361,10000
2VBC000208,6,1,77,132,20000
1V84006106,6,1,77,33,21000
1VB3027407,7,1,77,250,25000
2V24027709,6,1,77,270,25000
3V26009506,5,1,77,403,25000
2K00011909,4,1,77,360,35000
2D98012311,8,1,77,0,36000
1V36033103,8,1,77,50,40000
1D00021544,4,2,77,606,50000
1V27005643,8,1,77,96,60000
1V31100040,7,1,77,364,77000
1V26019941,6,1,77,140,144000
1V31060503,6,1,78,138,4000
1V3602440,8,2,78,103,12000
1V72021502,8,1,78,600,12000
1V49011944,9,1,78,300,24000
1V45010804,6,2,79,1575,18000
1V81012702,7,1,79,16,31200
1DX0029202,11,1,79,260,72000
1VB4015105,7,2,79,0,72000
1V89017003,4,1,80,9,600
1A00002407,10,1,80,528,1200
1S00014802,6,1,80,129,3000
1DX1002205,7,1,80,840,7000
1V35038043,6,1,80,0,10000
2VBC069407,9,1,80,10,10000
1V24016003,11,1,80,33,10000
1VBC001504,8,1,80,144,10000
1V25021110,8,1,80,0,10000
2V75006201,10,1,80,368,12000
1VB9001002,4,1,80,0,12000
2D89009304,6,1,80,16.5,14400
1V72041040,8,1,80,168,19800
1B00003502,5,1,80,249,20000
1D98039605,6,1,80,640,20000
1V16006605,10,1,80,840,26000
1V81012702,9,1,80,342,29000
1V26010702,4,2,80,570,34000
1V91003903,11,1,80,5,36000
2V64047218,7,1,80,250,40000
1V18001503,6,1,80,265,40000
1V79001912,5,1,80,24,48000
1V63023003,8,1,80,252,60000
1V45008002,10,2,80,1680,60000
1L00003613,8,1,80,400,90000
1V67005008,10,1,80,311,95000
3V35033113,6,1,81,17,14200
1U00018510,11,2,81,30,20000
1V69007006,5,1,81,132,36000
1DX0004844,8,1,81,47,60000
1V26009441,6,1,82,368,8000
1V18000204,4,1,82,132,12000
1D19036803,7,1,82,130,15000
1VB4035210,6,1,82,135,18000
1VBB039707,7,1,82,135,39000
1V31045604,6,1,82,140,73000
2N00003517,7,2,82,280,80000
1C00015643,7,1,82,45,120000
2O00010705,9,1,83,1200,12000
1V50009205,12,1,83,1242,110000
3U00176904,6,1,83,3035,120000
1V20009802,8,1,84,180,1000
1V36036506,8,1,84,38,20000
1V61000940,12,2,84,0,42000
1D94011802,6,1,84,45,45000
1V84026841,8,1,85,750,300
1V31040202,9,1,85,204,2400
1V19026203,3,1,85,121,10000
1V49006403,4,1,85,32,20000
1V24034805,8,2,85,390,20000
1VB0007003,6,1,85,10.5,24000
1V06019710,8,1,85,1440,75000
1V68005203,7,1,86,622,2500
V47022602,9,1,87,32,6000
1D94004308,10,2,87,132,12000
1V18021705,8,1,87,171,15000
1V68007804,7,1,87,24,33600
1V99003616,6,1,87,12,36000
1V59001806,11,1,87,390,136000
1V53028003,6,1,87,530,375000
4D96009505,12,2,88,44,82000
1V87002806,7,2,90,0,5000
1V05006406,9,1,90,0,10000
1V26016803,6,1,90,100,10000
1V84018511,7,1,90,140,10000
13B1092302,13,2,90,360,10000
1A00001309,8,1,90,240,15000
1D94003502,8,2,90,247.5,15000
1V63002841,7,1,90,0,20000
1VBB038802,8,1,90,120,20000
1D93009411,12,2,90,48,20000
1T00013507,8,1,90,1200,23600
1D34006740,8,2,90,50,30000
1D31000309,7,1,90,5,36000
1V30006901,9,1,90,5,36000
1D35006603,3,1,90,735,68000
2V72088601,8,2,90,0,96000
1V99003806,10,1,91,0,30000
1O00007505,6,1,92,1250,25000
1V20013108,8,1,92,0,42000
2R00023502,11,1,92,862,50000
1V54007908,3,1,94,15,14640
1VB3020443,9,2,94,290,32400
1V96003807,11,1,95,15,18000
1V01006045,5,1,95,0,25000
1V36043902,5,2,96,360,3000
1V18001702,5,1,96,366,19000
1V76017540,10,1,100,728,56000
1V54000542,7,3,102,650,50000
1V27012242,6,1,105,1950,190000
1V82013804,3,2,124,6,3000
