ID,Age,Wives,WealthRatio,rs
382,20,1,0.01,1
17236,21,0,0.01,0
21899,21,0,0.01,0
22740,21,0,0.68,0
24197,21,0,0.01,0
107130,21,1,0.01,1
14905,22,0,0.01,0
17278,22,0,0.01,0
23349,22,0,6.87,0
101662,22,0,30.92,0
403962,22,1,0.343642612,0
11732,23,0,0.01,0
12895,23,0,0.01,0
16904,23,0,3.43,0
17353,23,0,0.01,0
21875,23,1,0.01,1
22168,23,0,0.01,0
24195,23,0,0.01,0
101106,23,0,1.71,0
16256,24,1,0.01,0
19438,24,0,0.01,0
20172,24,0,0.01,0
24775,24,0,0.01,0
25023,24,0,0.01,0
26779,24,0,0.01,0
101769,24,0,1.79,0
4673,25,0,1.71,0
8448,25,1,0.01,0
10447,25,1,0.01,0
10942,25,0,0.01,0
14423,25,0,0.01,0
15549,25,0,0.01,1
16060,25,0,24.05,0
16935,25,0,0.01,0
18518,25,0,0.01,0
22476,25,1,1.54,0
25902,25,1,0.01,0
29505,25,0,17.87,1
106552,25,1,0.01,0
11733,26,0,0.01,0
18061,26,0,0.01,0
18083,26,0,0.01,0
19437,26,0,0.01,0
21251,26,1,13.74,1
25710,26,2,0.58,0
28073,26,0,0.01,0
58462,26,0,203.48,0
8411,27,0,0.01,0
9586,27,1,0.01,1
11746,27,0,13.74,0
16493,27,0,95.03,0
16748,27,0,0.01,0
17545,27,0,0.01,0
17570,27,1,0.01,1
17952,27,0,1.54,0
20288,27,0,0.01,0
21248,27,1,0.01,0
24231,27,0,0.01,0
24880,27,0,0.01,0
28567,27,1,0.01,0
29648,27,0,3.43,0
38995,27,0,0.01,0
103416,27,0,2.06,0
401151,27,1,8.72,0
9569,28,0,14.53,0
14024,28,0,0.01,0
14198,28,0,0.01,0
14785,28,0,0.01,0
18851,28,0,0.01,0
21293,28,1,13.74,0
27348,28,0,0.01,0
103194,28,0,0.01,0
104680,28,1,0.01,1
400094,28,1,0.87,0
400772,28,1,1.54,0
403286,28,1,0.01,0
6458,29,1,6.87,0
7420,29,0,0.01,0
16892,29,0,0.01,0
17051,29,1,0.01,3
17423,29,1,0.34,2
22404,29,1,0.58,0
24207,29,0,4.36,0
24262,29,0,5.81,0
24268,29,1,103.09,2
24390,29,1,0.01,2
24879,29,0,0.01,0
26665,29,0,10.3,0
27806,29,0,2.9,0
4287,30,1,48.1,2
7358,30,2,0.29,0
8111,30,0,0.01,0
8366,30,1,0.01,3
11914,30,1,0.01,3
12132,30,1,11.62,3
13558,30,0,0.01,0
16656,30,0,0.01,0
18683,30,1,0.06,3
21768,30,1,0.01,0
23003,30,0,0.01,0
24190,30,1,0.01,1
24363,30,0,0.01,0
25879,30,0,0.01,0
28275,30,1,0.01,2
61840,30,0,5.81,0
101405,30,0,20.61,0
103769,30,0,5.15,0
106182,30,1,0.01,1
400322,30,1,0.01,0
500156,30,1,0.01,0
9279,31,0,103.09,0
18303,31,1,203.48,1
21760,31,0,0.01,0
22158,31,1,0.01,0
24619,31,1,0.01,0
25055,31,0,0.01,0
25890,31,1,0.68,0
27984,31,1,0.01,0
103234,31,0,0.01,0
8548,32,0,0.01,0
8805,32,1,0.01,0
9229,32,1,0.01,4
9720,32,0,44.69,0
12597,32,1,0.01,0
12760,32,0,61.85,0
15084,32,1,0.87,1
16350,32,0,5.15,0
16420,32,0,6.86,0
16661,32,0,0.01,0
17035,32,1,1.74,1
17541,32,1,41.23,0
17638,32,1,0.01,2
19415,32,0,0.11,0
20468,32,0,0.01,0
21762,32,1,0.01,4
24095,32,0,40.69,0
24865,32,0,2.9,0
61818,32,0,0.01,0
101618,32,1,20.61,0
106948,32,1,0.01,0
400075,32,1,30.92,0
7463,33,1,0.01,0
8006,33,1,2.9,0
11048,33,1,0.01,0
11594,33,1,13.74,2
11993,33,0,0.01,0
13042,33,1,6.87,3
13043,33,0,1.3,0
15770,33,0,0.01,0
16608,33,0,0.01,0
19986,33,1,10.3,4
21237,33,1,240.54,1
21346,33,1,62.06,3
24166,33,1,0.01,0
25933,33,0,0.01,0
26599,33,0,0.01,0
26644,33,0,0.01,0
28930,33,2,0.01,2
29747,33,1,10.3,2
100690,33,1,41.23,0
101767,33,1,0.34,0
107110,33,1,41.23,1
400520,33,1,0.34,0
401805,33,1,29.06,0
401810,33,1,618.55,0
8309,34,1,0.01,0
8839,34,1,0.01,2
11551,34,1,0.01,0
12870,34,1,0.01,0
13814,34,1,0.01,0
15997,34,1,0.01,0
16423,34,0,0.35,0
17091,34,1,0.01,1
17246,34,1,10.16,0
17823,34,2,0.01,3
19409,34,2,0.01,0
22582,34,1,0.01,0
22704,34,1,0.009242144,3
23639,34,1,0.01,0
24378,34,1,0.01,1
29796,34,1,0.01,0
29828,34,0,15.87,0
61885,34,0,0.01,0
104550,34,1,0.01,3
104651,34,0,2.06,0
109943,34,1,0.01,0
5366,35,1,2.06,5
7472,35,1,0.01,2
8312,35,1,0.01,4
8347,35,0,0.01,0
12030,35,1,0.01,0
12549,35,0,3.43,0
15017,35,1,6.87,3
15426,35,0,0.01,0
17992,35,1,0.009242144,1
18535,35,1,0.01,0
18968,35,0,0.01,0
20004,35,0,0.01,0
22769,35,1,0.01,0
23171,35,1,0.01,1
23229,35,1,0.01,1
24123,35,0,0.01,0
24375,35,0,0.01,0
24388,35,1,0.01,3
24698,35,0,2.74,0
24873,35,2,0.01,3
27104,35,0,6.87,0
39243,35,1,0.01,2
101899,35,1,5.81,0
102286,35,1,0.01,5
102576,35,1,0.01,1
104653,35,0,5.15,0
8344,36,0,0.01,0
10858,36,1,34.36,4
14784,36,0,0.01,0
15734,36,1,0.01,3
16956,36,1,24.05,5
19902,36,0,5.15,0
21324,36,0,0.01,0
22217,36,0,0.01,0
24044,36,0,0.01,0
24168,36,0,0.01,0
27433,36,1,0.01,0
29957,36,0,0.01,0
100199,36,1,30.92,4
100804,36,1,68.72,1
101216,36,1,48.1,3
101520,36,1,52.32,2
102009,36,1,1718.21,2
403502,36,1,0.01,5
7782,37,1,0.01,2
8264,37,1,0.01,1
8432,37,1,13.74,2
8940,37,0,0.01,0
13803,37,0,0.01,0
13856,37,0,0.06,0
14766,37,1,0.01,1
16352,37,1,1.74,2
16924,37,0,0.01,0
17632,37,1,0.01,2
17665,37,1,41.23,2
18060,37,0,0.01,0
18658,37,1,23.25,0
19680,37,0,0.68,0
21340,37,0,1234.73,0
22175,37,0,1.54,0
22212,37,1,0.01,0
22678,37,1,0.01,1
26678,37,0,0.45,0
26741,37,1,0.01,1
102539,37,1,0.01,2
400438,37,1,0.87,0
401762,37,1,0.01,0
401942,37,1,0.87,3
10503,38,1,0.009242144,2
13162,38,1,0.01,1
13546,38,1,30.92,1
13825,38,0,0.34,0
15799,38,1,0.01,0
18302,38,1,0.01,0
19731,38,1,0.01,1
20269,38,2,1.56,1
21867,38,1,0.01,0
21900,38,1,0.01,1
22748,38,0,0.01,0
24720,38,1,8.74,3
24849,38,1,87.2,3
26761,38,1,0.12,0
27159,38,1,0.01,2
28385,38,1,14.53,1
29491,38,1,0.01,3
101552,38,0,0.06,0
101622,38,1,25.77,2
106840,38,1,0.01,0
400479,38,1,34.88,0
400574,38,1,30.92,0
401109,38,1,58.13,0
401926,38,1,85.91,0
7553,39,0,1.39,0
12155,39,1,34.88,7
12857,39,0,27.49,0
13266,39,0,0.01,0
14691,39,2,0.01,2
16419,39,1,8.72,2
20616,39,1,0.01,0
21759,39,1,0.01,4
22309,39,1,0.01,2
22792,39,1,0.54,0
22961,39,1,0.68,2
24009,39,1,6.15,2
24354,39,1,0.01,4
24492,39,1,0.01,0
24729,39,1,0.01,0
25676,39,0,2.9,0
25980,39,1,72.67,1
26340,39,1,0.01,2
26670,39,0,14.53,0
29763,39,1,2.06,1
39170,39,0,0.46,0
101740,39,0,0.01,0
104084,39,0,0.01,0
401044,39,1,6.87,0
403142,39,1,11.62,0
403380,39,1,5.96,0
403504,39,1,0.01,0
2947,40,1,54.98,7
7733,40,1,0.01,0
9211,40,1,6.87,3
12609,40,0,5.15,0
14731,40,1,0.01,2
15318,40,1,3.91,2
16421,40,1,27.49,3
16946,40,0,4.14,0
17401,40,0,23.25,0
18527,40,0,0.01,0
19436,40,2,0.01,5
19463,40,1,0.01,3
20108,40,1,0.01,0
20792,40,0,6.87,0
21256,40,1,6.87,1
21522,40,0,0.01,0
23315,40,1,0.01,7
26312,40,0,27.49,0
26893,40,1,0.01,2
27083,40,2,4.19,0
27506,40,0,30.92,0
28023,40,1,0.01,2
28444,40,0,0.01,0
100725,40,0,24.05,0
101660,40,1,41.23,5
400154,40,1,2.74,0
400452,40,1,0.32,0
400794,40,1,0.14,0
4885,41,1,17.18,4
8332,41,0,0.01,0
9003,41,1,0.01,5
9756,41,0,5.15,0
11461,41,0,0.01,0
13761,41,1,0.01,1
13806,41,0,0.01,0
16412,41,1,3.12,0
18652,41,1,1.07,4
18693,41,1,0.009242144,0
18752,41,1,0.01,0
18843,41,1,0.01,0
19737,41,1,0.01,6
20739,41,1,61.85,0
20844,41,0,9.8,0
21837,41,2,0.01,6
22153,41,0,0.01,0
22439,41,1,0.009242144,0
24242,41,2,1030.92,0
25107,41,1,0.01,8
26675,41,1,0.01,0
27081,41,0,0.01,0
28318,41,0,0.01,0
100745,41,1,240.54,2
102940,41,1,0.01,0
103181,41,0,0.01,0
103422,41,1,4.36,1
104662,41,1,20.61,3
401900,41,1,2.09,2
402020,41,1,13.74,0
7811,42,1,52.32,0
8295,42,1,0.13,4
8501,42,1,0.01,0
9143,42,0,11.62,0
10684,42,0,0.04,0
10840,42,1,4.36,1
10941,42,0,0.01,0
13285,42,1,4.36,2
14121,42,1,1.25,7
15315,42,0,0.009242144,0
16053,42,0,0.01,2
16175,42,1,0.19,7
18509,42,1,3.43,4
21179,42,1,0.009242144,8
21882,42,1,0.29,1
22136,42,0,0.01,0
23250,42,0,0.01,0
24149,42,1,0.01,8
24394,42,0,3.25,0
26640,42,1,0.01,6
28235,42,0,5.22,0
28927,42,0,20.61,0
73996,42,1,0.01,1
100520,42,1,41.23,4
102174,42,1,0.01,0
400303,42,1,3.99,0
400727,42,1,54.98,0
400782,42,1,13.74,0
7332,43,0,0.01,0
7990,43,0,30.75,0
8101,43,1,4.83,7
8836,43,0,0.01,0
10441,43,0,0.009242144,0
11052,43,0,0.01,0
11369,43,1,0.01,0
13134,43,1,17.18,4
13930,43,1,0.01,1
14724,43,1,0.01,3
14758,43,2,0.34,0
14886,43,1,0.01,4
16922,43,1,0.01,0
16994,43,1,0.01,0
17054,43,1,11.62,1
19387,43,0,0.01,0
20187,43,1,24.05,2
20448,43,0,16.59,0
20457,43,0,0.01,0
25106,43,2,0.01,0
25114,43,1,0.01,2
26316,43,1,0.01,5
26651,43,1,0.01,0
28274,43,0,0.01,0
28529,43,1,0.01,6
29507,43,0,2.74,2
100560,43,1,48.1,6
100952,43,0,0.01,0
400275,43,1,1.31,0
400915,43,1,1.03,0
401526,43,1,8.72,0
401846,43,1,40.69,0
8497,44,1,0.29,2
8898,44,1,0.01,0
9928,44,1,0.01,6
10337,44,1,0.01,2
10678,44,2,0.58,1
11730,44,1,10.3,0
12367,44,0,54.98,0
12385,44,1,2.74,0
13126,44,1,0.01,1
13286,44,1,1125.72,0
14668,44,1,20.61,3
14708,44,0,0.07,0
15353,44,1,15.06,5
15354,44,0,0.01,0
16623,44,0,0.009242144,0
16873,44,1,8.72,4
17445,44,1,5.81,4
19448,44,2,0.01,0
19589,44,1,0.01,2
20775,44,1,0.009242144,8
22862,44,0,0.01,0
24664,44,1,0.01,0
24885,44,0,0.01,0
25608,44,1,0.65,6
26657,44,2,0.01,0
28897,44,0,1.05,0
29630,44,1,17.18,2
29704,44,1,206.18,13
101057,44,1,27.22,0
101720,44,1,10.3,9
400193,44,1,24.05,0
400895,44,1,30.05,0
401043,44,1,41.23,0
403510,44,1,0.01,0
7238,45,0,0.01,0
8221,45,1,4.36,0
8240,45,1,0.34,4
13545,45,0,22.87,2
13710,45,0,41.23,1
14263,45,1,48.1,5
17050,45,1,0.01,1
17087,45,1,0.01,0
19164,45,0,0.01,0
19479,45,2,0.01,4
24146,45,1,0.01,0
24358,45,1,0.01,2
24988,45,1,0.01,4
25650,45,1,0.01,2
26314,45,1,137.45,2
29111,45,2,5.15,3
102008,45,1,34.36,6
104412,45,1,54.98,3
400463,45,1,41.23,0
401173,45,1,15.23,0
401190,45,1,0.29,0
401540,45,1,0.33,0
403324,45,1,0.009242144,0
6586,46,1,1.03,1
7471,46,1,0.01,2
9944,46,1,0.07,0
10070,46,1,26.16,0
11095,46,1,0.01,3
12671,46,1,0.01,0
13132,46,1,6.87,4
14479,46,1,0.01,1
17607,46,1,0.009242144,5
19716,46,1,0.01,6
19794,46,1,0.01,7
20889,46,1,0.01,0
24494,46,1,0.01,5
27915,46,1,0.35,3
27968,46,0,0.009242144,0
28169,46,2,30.92,6
28520,46,1,0.01,4
29628,46,1,154.63,7
104072,46,1,2.32,2
106766,46,2,0.01,3
107294,46,1,343.64,6
400931,46,1,10.3,0
402258,46,1,0.01,4
698,47,1,48.1,8
1495,47,1,41.23,2
3169,47,1,61.85,6
4040,47,1,41.23,0
8177,47,1,2.9,3
10543,47,1,0.01,4
11045,47,2,0.29,4
11742,47,1,0.01,0
11927,47,0,805.61,1
13041,47,0,6.87,0
14118,47,1,0.01,0
14707,47,1,3.43,9
15769,47,1,0.01,2
16912,47,2,26.88,1
17005,47,1,116.27,0
17336,47,1,46.51,3
17970,47,1,0.01,8
19352,47,1,45.29,5
19949,47,1,0.01,0
22992,47,2,13.74,1
22994,47,1,0.01,0
24464,47,0,481.09,0
25088,47,2,0.01,3
26600,47,0,0.01,0
28908,47,1,85.91,8
29465,47,1,0.01,5
29914,47,1,139.04,4
74115,47,0,7.64,0
101019,47,1,85.91,4
102155,47,1,1.54,7
106624,47,1,0.01,2
400196,47,1,4.11,0
400198,47,1,2.74,0
400462,47,1,4.18,0
401910,47,1,10.21,0
403460,47,1,87.2,4
403996,47,1,85.91065292,0
7576,48,0,86.79,0
8297,48,1,0.01,1
8338,48,1,0.01,7
10062,48,2,22.2,5
12143,48,1,0.23,3
15558,48,1,0.01,3
16355,48,0,32.96,0
16750,48,1,290.69,0
18380,48,2,18.6,0
18393,48,1,0.01,11
21307,48,1,0.01,2
21331,48,1,0.07,1
21787,48,1,0.01,1
21864,48,1,0.01,4
24198,48,1,0.01,6
25698,48,2,0.01,0
26115,48,1,43.75,10
27982,48,1,0.017182131,4
28958,48,1,81.39,0
39459,48,1,0.03,4
106020,48,1,2.22,2
109892,48,1,0.01,5
400775,48,1,0.72,1
401181,48,1,0.01,0
403100,48,1,0.01,0
403301,48,1,0.01,0
7398,49,1,58.18,5
7479,49,1,0.24,2
7877,49,1,0.01,5
9751,49,1,2.9,0
11224,49,1,3.43,6
11692,49,1,0.01,3
12157,49,0,0.87,0
12229,49,1,0.79,4
13547,49,2,0.01,2
14885,49,0,0.01,0
15301,49,0,0.67,0
15955,49,0,0.06,0
17289,49,1,0.01,9
17291,49,1,0.35,10
18215,49,1,0.01,7
18520,49,0,0.01,0
18930,49,1,232.55,0
18969,49,1,0.01,0
19337,49,1,20.61,2
19713,49,1,13.74,1
20009,49,1,0.01,3
20107,49,1,0.01,4
21536,49,0,0.01,0
22181,49,0,0.009242144,0
22401,49,1,0.01,0
22782,49,0,0.01,0
23272,49,2,0.01,0
24426,49,2,0.01,4
27169,49,1,0.28,5
27276,49,1,0.01,1
28048,49,1,0.01,0
28823,49,0,0.009242144,0
28933,49,0,412.37,0
29466,49,1,0.01,1
100310,49,1,24.05,4
100373,49,0,0.01,0
103177,49,0,0.01,0
103841,49,1,0.87,0
400121,49,1,17.44,0
400902,49,1,0.01,0
401230,49,1,0.01,0
7957,50,1,0.01,3
8139,50,1,0.01,3
11044,50,2,2.32,0
12860,50,1,0.01,2
13695,50,1,0.009242144,10
18128,50,1,0.009242144,4
18333,50,0,0.009242144,0
19995,50,1,0.01,3
20109,50,0,1.03,0
21123,50,1,0.01,7
21131,50,1,0.009242144,2
21285,50,1,1.74,0
21856,50,2,0.01,0
22738,50,2,0.01,1
22743,50,1,1.03,1
22801,50,2,0.01,0
23270,50,3,0.01,1
23967,50,1,0.01,0
24172,50,1,1.16,2
24288,50,1,0.58,2
24422,50,0,0.01,0
24859,50,1,0.01,0
25811,50,1,0.01,2
26616,50,1,0.01,6
26648,50,0,0.01,0
27681,50,1,0.01,3
27841,50,0,14.53,1
27949,50,1,0.01,0
27962,50,0,1.06,0
28384,50,1,61.85,10
28522,50,1,0.01,1
29484,50,1,6.87,4
29806,50,1,5.6,6
100786,50,1,412.37,0
101335,50,0,0.009242144,0
101584,50,1,85.91,5
101686,50,0,5.15,0
103732,50,1,523.25,0
105840,50,1,0.009242144,1
106680,50,1,0.01,8
400543,50,1,103.09,0
400780,50,1,6.33,0
400943,50,1,3.87,0
2023,51,1,30.92,8
5896,51,1,13.74,5
7862,51,0,0.009242144,0
8099,51,0,16.88,0
10428,51,1,0.01,6
12007,51,1,0.01,7
13302,51,1,0.01,2
14721,51,1,3.06,0
16882,51,1,0.01,0
17025,51,1,37.26,0
17614,51,1,35.82,4
19952,51,0,0.01,0
20787,51,1,0.01,0
21427,51,1,4.72,1
22324,51,2,22.35,3
23640,51,1,0.01,5
23648,51,0,0.009242144,0
23883,51,1,0.01,0
24278,51,1,120.27,6
24371,51,0,0.01,0
27777,51,1,154.63,5
28791,51,0,54.98,0
29511,51,1,27.49,2
29767,51,1,6.87,8
104045,51,1,27.49,5
106570,51,1,0.009242144,0
110875,51,1,0.009242144,4
400304,51,1,0.18,0
400336,51,1,137.45,0
400351,51,1,1.11,0
400746,51,1,0.73,0
401000,51,1,60.04,0
401696,51,1,10.3,0
8995,52,0,0.009242144,0
9549,52,1,1.54,4
10332,52,1,0.01,0
11181,52,1,1.35,0
11216,52,1,0.01,6
11610,52,0,4.76,0
13171,52,1,424.83,4
14458,52,1,0.01,3
16718,52,2,0.01,0
17362,52,1,0.01,10
17809,52,0,0.009242144,0
18860,52,1,0.01,6
19286,52,1,0.01,0
20209,52,1,19.36,2
20612,52,1,0.07,4
21306,52,1,0.01,6
21585,52,1,3.43,3
21599,52,1,0.29,8
21603,52,1,0.87,0
23322,52,2,0.01,2
24349,52,1,0.01,4
24369,52,2,0.01,1
24816,52,1,0.01,5
24918,52,1,0.01,5
25125,52,1,10.3,9
29019,52,1,41.23,2
29994,52,0,13.87,2
100139,52,1,171.82,6
100946,52,1,18.98,0
101650,52,1,120.27,4
102234,52,1,0.01,4
400515,52,1,2.14,0
400897,52,1,109.22,2
402180,52,1,17.07,8
2627,53,1,48.1,8
8476,53,1,0.01,2
9423,53,1,0.01,4
10950,53,0,0.01,0
11096,53,1,0.01,10
12986,53,0,0.77,0
13268,53,0,11.62,0
13880,53,1,0.01,4
14021,53,1,0.01,3
15302,53,1,26.16,1
15803,53,0,0.009242144,0
16356,53,0,2.19,0
16731,53,1,0.01,0
17578,53,0,0.01,0
17986,53,1,0.01,2
18081,53,1,0.01,2
21426,53,2,0.54,0
22479,53,1,23.73,4
23257,53,0,2.67,0
23325,53,0,62.34,0
24392,53,0,0.01,0
24823,53,1,0.01,0
24887,53,1,240.54,1
25000,53,0,0.34,0
25595,53,0,20.61,0
26718,53,1,0.01,4
27785,53,1,309.27,3
27956,53,2,0.01,1
28238,53,0,0.01,0
28515,53,1,12.41,5
29743,53,1,1.82,2
29877,53,0,137.45,0
100600,53,1,0.01,2
100901,53,1,6.87,6
108344,53,1,0.01,3
109518,53,1,0.01,4
400025,53,1,12.36,0
400199,53,1,0.92,0
400247,53,1,2.9,0
400536,53,1,0.01,0
400646,53,1,1.03,0
400686,53,1,5.33,0
400888,53,1,348.83,0
401056,53,1,3.98,0
401080,53,1,3.41,0
401130,53,1,154.63,0
401163,53,1,58.13,0
403424,53,1,13.74,0
403620,53,1,0.09,0
1544,54,0,0.19,0
2509,54,1,17.18,6
2544,54,1,2.06,0
7460,54,1,0.01,1
7785,54,1,0.01,3
8080,54,0,0.29,0
8358,54,1,0.01,0
9883,54,1,27.42,0
10222,54,1,0.01,3
10233,54,0,0.009242144,0
10537,54,1,0.01,7
11558,54,0,0.01,0
11937,54,1,1.03,2
12197,54,1,0.38,4
12683,54,0,0.009242144,0
13130,54,1,27.9,6
13377,54,2,11.48,0
13713,54,1,0.01,0
14240,54,1,309.27,6
14753,54,1,0.017182131,5
15933,54,0,0.01,0
16915,54,2,4.49,4
17337,54,2,0.01,0
17808,54,1,1.54,5
18346,54,0,0.01,0
19524,54,1,0.01,5
19733,54,1,0.01,0
20842,54,0,68.72,0
21015,54,1,101.74,0
21866,54,0,0.01,0
23253,54,1,0.01,0
23313,54,1,0.01,0
23654,54,2,0.67,5
24829,54,0,0.01,0
29593,54,1,21.17,0
29910,54,1,27.49,3
39147,54,1,0.01,3
100721,54,1,85.91,13
100805,54,1,412.37,5
100982,54,0,4.97,0
101578,54,0,85.91,0
104287,54,0,10.08,0
107466,54,1,0.01,6
400338,54,1,52.05,0
400363,54,1,7.17,0
400866,54,1,5.81,0
401125,54,1,18.64,0
1955,55,1,1.54,5
7410,55,1,48.1,2
7795,55,1,0.01,0
8958,55,1,61.85,9
10336,55,0,0.01,0
10496,55,1,1.92,5
11067,55,1,174.41,2
11338,55,1,0.58,0
12010,55,0,0.009242144,0
12364,55,1,0.01,4
13820,55,1,1.25,5
14572,55,1,32.55,3
16722,55,1,0.01,4
16970,55,1,9.3,2
16996,55,1,13.22,3
18816,55,2,95.3,1
20208,55,1,103.03,10
20793,55,2,5.81,1
21167,55,1,0.008077544,2
21290,55,1,0.01,5
21348,55,1,0.53,4
22041,55,2,0.01,5
22090,55,1,0.01,4
22303,55,1,5.18,0
22508,55,1,0.01,4
23312,55,1,0.01,6
23786,55,1,0.01,2
23842,55,1,0.009242144,0
24223,55,1,28.66,3
24405,55,1,0.01,0
24688,55,1,30.92,0
25894,55,1,1.81,2
25937,55,0,0.01,0
25990,55,1,7.76,6
26899,55,1,0.009242144,0
28076,55,1,0.01,5
28703,55,1,118.63,1
29737,55,1,6.87,7
100625,55,1,41.23,4
101246,55,1,20.61,4
101687,55,0,3.43,0
400431,55,1,137.45,0
400816,55,1,240.96,0
400989,55,1,11.62,0
401063,55,1,2.32,0
401558,55,1,0.008077544,0
7260,56,1,68.72,2
7488,56,1,0.01,4
8079,56,3,11.62,1
8356,56,1,0.01,3
8802,56,1,0.36,6
9025,56,2,6.87,12
10781,56,1,0.01,7
10985,56,1,0.01,12
11553,56,1,0.01,5
11617,56,1,0.98,2
12168,56,0,0.62,0
12463,56,2,0.2,1
13568,56,1,0.01,6
13935,56,1,1.27,0
14473,56,1,0.01,5
14486,56,1,0.01,6
15348,56,1,58.13,3
15730,56,1,0.01,0
15757,56,0,0.01,0
16347,56,0,0.009242144,0
16634,56,3,0.01,0
16911,56,1,23.85,0
18074,56,1,0.01,0
18787,56,1,0.01,6
18877,56,1,12.04,8
19855,56,0,1.05,0
20203,56,1,145.34,10
20892,56,1,0.01,9
20953,56,0,0.01,0
21825,56,0,0.009242144,0
21987,56,1,1.3,3
22033,56,1,0.01,1
22119,56,1,0.01,7
22307,56,1,0.01,1
22865,56,1,0.01,0
22918,56,1,2.72,2
23273,56,1,0.01,2
23799,56,0,0.01,0
24293,56,1,6104.65,0
27373,56,1,0.01,5
27673,56,0,13.34,0
28003,56,1,0.01,4
28868,56,0,0.06,0
62498,56,1,0.02,4
100723,56,1,41.23,2
100918,56,0,0.01,0
100931,56,1,1.03,5
101059,56,1,499.32,4
104294,56,1,64.93,0
104656,56,1,17.21,0
105680,56,1,0.01,8
108030,56,1,0.01,4
108564,56,1,2.44,3
400450,56,1,509.12,0
400516,56,1,0.18,0
400597,56,1,309.27,0
401100,56,1,240.54,0
401512,56,1,0.01,0
401530,56,1,0.01,0
401650,56,1,11.62,0
401816,56,1,3.74,5
402260,56,2,5.15,0
403282,56,1,0.01,0
3212,57,1,13.74,1
7578,57,2,0.02,1
7644,57,0,0.01,0
7892,57,2,0.01,0
7994,57,1,48.1,3
8355,57,0,0.009242144,1
9400,57,1,0.01,8
10444,57,1,0.01,4
11870,57,0,0.01,0
12125,57,2,0.01,0
12160,57,1,1.3,2
12528,57,2,34.88,0
13177,57,1,0.01,0
13274,57,1,174.41,4
13801,57,1,87.2,6
14754,57,1,0.01,2
14822,57,0,0.01,0
14925,57,0,0.01,0
15576,57,1,0.35,4
15795,57,1,0.01,3
16248,57,0,0.01,0
16646,57,1,0.01,10
17033,57,0,19.56,0
17074,57,0,0.01,0
17086,57,1,0.01,0
17592,57,0,0.009242144,0
17713,57,1,2.06,7
19354,57,1,0.009242144,0
19805,57,1,96.36,10
20897,57,2,0.01,8
21029,57,1,0.01,3
21575,57,0,0.01,0
22026,57,1,17.4,5
22416,57,1,0.009242144,0
22863,57,0,0.01,0
23021,57,1,0.01,4
23959,57,1,274.52,7
24092,57,1,85.91,3
24232,57,1,0.008077544,0
24285,57,1,6.87,1
24614,57,2,0.01,4
26292,57,2,0.01,1
26674,57,1,0.38,5
28071,57,0,0.009242144,0
28483,57,0,0.009242144,0
28592,57,1,0.009242144,0
29631,57,1,0.58,3
29752,57,1,61.85,8
29887,57,1,17.18,6
62172,57,1,0.016155089,4
100715,57,0,34.36,0
100930,57,1,2.74,3
101541,57,1,48.1,1
102626,57,1,0.01,0
105712,57,1,0.01,9
108553,57,1,0.01,0
400036,57,1,5.34,0
400330,57,1,85.91,0
400505,57,1,10.66,0
400633,57,1,2.32,0
400793,57,1,13.61,0
400987,57,1,1.25,0
401350,57,1,72.67,0
401351,57,1,2.57,0
401426,57,1,0.009242144,0
401600,57,1,0.01,0
285,58,2,85.91,5
7394,58,1,6.82,4
7780,58,2,80.28,5
7876,58,1,0.009242144,4
7902,58,1,67.27,8
8311,58,1,0.01,8
10622,58,1,121.21,0
11534,58,3,0.01,0
14102,58,0,0.008077544,0
14116,58,2,0.01,6
15231,58,0,2.06,0
16279,58,1,0.33,1
17006,58,1,1264.91,3
17257,58,1,116.8,4
18755,58,1,0.46,0
19353,58,0,4.63,0
19934,58,0,0.01,0
20905,58,2,0.02,1
21339,58,1,5232.55,1
21836,58,0,0.01,0
22014,58,1,0.01,3
22083,58,1,0.01,0
22594,58,2,0.02,0
23324,58,1,0.29,4
23643,58,1,0.01,1
24257,58,1,33.77,3
24348,58,1,0.01,1
25087,58,1,2.53,5
25118,58,1,137.45,0
25664,58,2,0.009242144,9
26720,58,2,0.3,0
27268,58,0,103.09,0
28027,58,1,0.01,0
28494,58,3,0.01,0
28769,58,1,116.27,0
28894,58,1,0.66,0
28909,58,1,8.72,0
29720,58,1,13.74,9
73780,58,0,0.009242144,0
74153,58,1,0.01,0
100346,58,1,34.36,4
101045,58,1,8.3,0
101629,58,1,1.91,0
101637,58,1,8.46,0
102385,58,1,0.01,3
103414,58,1,0.01,3
103727,58,0,87.2,0
106325,58,1,0.01,3
107560,58,2,0.01,5
400157,58,1,44.06,0
400530,58,1,9.36,0
400848,58,1,439.44,0
401096,58,1,0.009242144,0
403370,58,1,49.4,0
3707,59,1,68.72,4
4784,59,2,1030.92,5
5533,59,1,3.43,2
5905,59,1,41.23,0
6000,59,1,48.1,0
7485,59,1,0.01,6
8013,59,1,0.01,2
8902,59,1,412.37,5
9269,59,1,162.45,6
10077,59,1,52.32,4
11537,59,0,0.009242144,0
11750,59,0,0.06,0
11995,59,1,0.02,1
12672,59,1,120.27,1
13970,59,2,0.02,4
14115,59,1,0.01,6
14205,59,2,0.02,4
14315,59,1,0.009242144,9
14317,59,1,0.01,5
15185,59,1,257.39,1
15229,59,1,0.01,1
16271,59,1,0.008077544,8
16863,59,1,91.67,1
17250,59,1,0.02,1
17272,59,1,16.97,0
18495,59,2,0.01,4
18653,59,2,206.18,1
18655,59,1,120.27,2
18758,59,1,0.01,3
18868,59,1,0.01,1
19180,59,1,0.01,10
19492,59,0,0.01,0
19656,59,1,0.48,8
21195,59,1,0.02,9
21250,59,2,0.01,3
22908,59,2,28.23,3
23382,59,1,0.01,1
24035,59,1,23.25,0
24281,59,1,0.01,1
24616,59,1,0.73,6
25051,59,1,0.01,0
25602,59,0,0.009242144,4
25807,59,1,0.01,1
26764,59,3,0.01,1
27364,59,1,0.01,0
27675,59,1,40.69,6
27792,59,1,0.01,2
27957,59,3,0.01,4
28050,59,1,0.41,3
28276,59,1,0.01,9
28458,59,1,0.009242144,0
29731,59,1,8.59,5
29750,59,1,41.23,2
29842,59,1,10.3,5
100361,59,2,0.01,2
100710,59,1,4123.71,7
101294,59,1,3.48,0
105068,59,1,1.14,4
111724,59,1,6.872852234,1
400104,59,1,18.94,0
400552,59,1,17.18,0
400556,59,1,5.15,0
400974,59,1,7.76,0
401018,59,1,87.2,7
401630,59,1,137.45,0
401796,59,1,0.05,0
401870,59,1,11.23,0
402280,59,1,0.77,9
2377,60,1,13.74,2
7261,60,0,0.01,0
7792,60,1,0.01,8
8296,60,1,0.01,10
8345,60,1,0.01,0
8480,60,0,6.87,0
9360,60,2,0.87,0
9403,60,1,0.02,5
9710,60,1,30.92,4
10133,60,0,0.01,0
10277,60,1,0.01,0
11128,60,2,0.008077544,3
11781,60,1,214.58,5
11876,60,1,1.28,3
12761,60,2,7.03,7
12989,60,0,0.009242144,0
14255,60,1,0.02,0
14546,60,0,0.009242144,1
14819,60,1,0.01,8
16668,60,0,0.008077544,0
16752,60,0,0.46,0
17626,60,2,0.02,2
18874,60,1,0.01,0
19331,60,1,141.36,7
19667,60,2,85.91,3
19728,60,1,0.01,6
19762,60,0,0.01,0
19856,60,1,1.35,4
21613,60,2,0.01,0
21829,60,0,0.01,0
22396,60,1,0.3,0
22624,60,0,0.01,0
23226,60,0,0.01,0
23252,60,1,0.01,7
23299,60,0,0.01,0
23827,60,2,10.3,3
24272,60,1,72.67,0
24319,60,1,120.27,1
24391,60,1,0.009242144,0
24427,60,1,0.01,0
24694,60,0,0.01,0
24758,60,2,0.009242144,0
24848,60,1,34.36,3
25659,60,1,85.91,0
25826,60,0,0.01,0
26750,60,1,0.01,0
27072,60,1,2.12,3
27073,60,1,203.48,0
27283,60,2,0.51,6
27345,60,1,0.01,0
27434,60,0,0.01,0
28167,60,2,108.68,5
28349,60,2,5.15,1
28495,60,1,0.009242144,8
29609,60,0,11.83,1
58351,60,1,0.01,0
62311,60,1,0.01,1
100075,60,1,139.53,10
100443,60,1,48.1,0
100689,60,0,309.27,0
101047,60,1,16.79,0
103839,60,1,0.01,4
104077,60,1,0.01,5
104314,60,1,0.01,7
105829,60,2,0.01,0
110369,60,1,0.15,0
400575,60,1,7.03,0
400849,60,1,7.58,0
400862,60,1,0.01,0
400865,60,1,11.62,0
400911,60,1,120.27,0
401005,60,1,59.94,0
401150,60,1,38.91,0
401768,60,1,1.68,0
403088,60,1,1.24,1
296,61,1,61.85,8
3705,61,1,0.34,6
8198,61,2,68.72,7
8479,61,1,4.69,3
8923,61,1,6.27,8
9237,61,1,0.01,0
9615,61,1,0.91,12
10368,61,1,0.01,1
10446,61,0,0.01,0
10791,61,0,0.009242144,0
11892,61,0,0.009242144,0
11906,61,1,58.13,7
11944,61,1,34.88,8
12540,61,1,0.01,5
12664,61,1,14.53,2
12992,61,0,0.01,0
13142,61,1,27.49,0
13187,61,1,40.05,2
14004,61,2,2.7,0
14016,61,2,6.21,0
14820,61,1,13.95,10
17105,61,1,0.01,6
17254,61,0,0.01,0
18797,61,0,0.01,0
19333,61,1,103.09,0
19478,61,1,0.92,0
19486,61,1,0.01,0
20110,61,0,0.01,0
20898,61,1,0.01,4
22756,61,1,0.008077544,3
23641,61,1,0.01,0
23847,61,1,0.01,5
24211,61,1,334.36,0
24219,61,0,138.24,0
24227,61,1,0.29,0
24417,61,0,0.35,0
24736,61,0,0.01,0
24984,61,2,0.01,4
26621,61,1,0.01,5
26746,61,2,0.01,0
27076,61,0,54.98,0
27164,61,1,0.01,3
27505,61,1,5.81,2
28353,61,1,0.01,0
28924,61,1,22.22,1
29651,61,0,203.48,0
29706,61,2,13.74,4
29984,61,1,309.27,8
39111,61,1,88.35,4
100335,61,1,1.2,2
101967,61,1,343.64,6
104088,61,0,9.24,0
104602,61,1,0.68,4
105094,61,2,13.74,3
107810,61,2,0.01,3
108264,61,1,0.01,4
108547,61,1,0.01,5
108569,61,1,0.01,0
400071,61,1,2.87,0
400302,61,1,343.41,0
400416,61,1,8.6,0
400620,61,1,4.72,0
400629,61,1,1.28,0
400960,61,1,48.1,0
7201,62,0,0.01,0
7550,62,1,0.02,2
7655,62,0,1.22,0
8173,62,2,0.02,3
8789,62,1,121.59,0
9607,62,2,495.62,1
9773,62,1,58.52,1
10227,62,0,0.009242144,0
10742,62,1,0.01,3
10940,62,1,0.01,7
11792,62,1,0.01,1
13271,62,2,1.15,7
13381,62,1,0.01,6
14775,62,1,0.55,3
15946,62,0,0.01,0
16548,62,1,0.01,0
16679,62,1,0.02,0
16713,62,0,0.02,0
17071,62,1,0.01,6
17594,62,0,0.02,0
17693,62,1,0.96,3
18082,62,1,0.01,1
18214,62,1,0.02,1
18356,62,0,0.01,0
18764,62,1,0.01,1
18846,62,1,0.68,1
21655,62,0,0.009242144,0
21764,62,1,0.01,5
21823,62,0,0.009242144,0
22305,62,1,0.01,10
22312,62,1,0.02,0
22601,62,1,0.01,0
24307,62,0,0.01,0
24313,62,1,0.01,3
24333,62,0,17.65,0
24858,62,0,0.01,2
25001,62,1,0.01,2
25041,62,1,0.01,7
26181,62,0,0.009242144,0
26524,62,0,41.23,0
26677,62,1,0.01,3
26832,62,2,0.009242144,0
27843,62,0,123.35,0
27890,62,1,7.58,2
28283,62,1,6.14,1
28491,62,1,0.01,3
28936,62,1,3.95,3
29509,62,2,22.68,2
29849,62,1,54.98,9
39351,62,1,0.02,0
100025,62,1,0.01,4
100371,62,1,3.43,4
100685,62,1,41.23,5
101230,62,0,30.92,0
103199,62,0,0.59,0
104642,62,2,5.15,8
109566,62,1,0.75,3
110760,62,1,0.009242144,4
400009,62,1,7.65,0
400151,62,1,40.69,0
400671,62,1,40.69,4
400751,62,1,85.91,0
400933,62,1,136.59,0
401538,62,1,0.01,0
402190,62,1,72.67,0
6794,63,1,17.18,12
7569,63,1,13.43,0
8278,63,1,0.04,4
8362,63,2,0.009242144,0
8474,63,0,0.01,0
8765,63,0,0.01,0
9378,63,2,85.08,5
9441,63,1,0.15,12
9882,63,2,2.9,11
10094,63,0,0.01,0
10175,63,1,0.02,4
10372,63,2,0.02,1
10460,63,0,0.01,0
10779,63,0,0.009242144,0
10837,63,2,0.49,3
10939,63,1,0.01,0
11527,63,1,54.98,0
11779,63,0,8.72,0
11962,63,0,0.01,0
12533,63,0,0.01,0
12534,63,2,0.01,5
12598,63,1,1.37,6
12612,63,1,369.52,6
14100,63,1,0.02,8
14547,63,1,0.01,0
14736,63,2,0.9,0
14783,63,0,0.01,0
14789,63,1,0.01,8
15153,63,1,15.37,0
15408,63,1,34.31,2
15553,63,1,0.01,3
15668,63,1,411.8,0
15731,63,2,2.85,8
16533,63,1,348.83,0
16703,63,1,0.01,2
16880,63,0,7.2,0
17047,63,1,116.27,5
17066,63,2,0.01,0
17833,63,1,0.02,6
18080,63,1,0.01,7
18258,63,2,0.01,3
19150,63,0,0.01,0
19426,63,1,1059.9,5
19781,63,1,1453.48,12
21903,63,1,0.01,1
22739,63,1,0.01,4
22779,63,1,0.009242144,0
23002,63,1,2.74,1
23163,63,0,0.01,0
23843,63,1,1.23,2
24373,63,1,0.21,5
24684,63,0,34.48,0
24867,63,1,280.73,0
25701,63,1,0.01,0
26274,63,1,0.01,2
27279,63,1,0.01,4
27960,63,1,61.85,8
28451,63,1,0.009242144,0
28518,63,1,0.01,7
28528,63,1,0.21,0
29843,63,1,0.01,3
39567,63,2,0.75,0
74175,63,0,5.01,0
100794,63,1,34.36,8
100803,63,0,3.43,0
101810,63,3,13.74,6
102892,63,1,0.01,4
400579,63,1,61.85,0
400891,63,1,1.71,0
400926,63,1,15.75,0
400944,63,1,57.8,0
401136,63,1,127.13,0
401141,63,1,1.09,0
401214,63,1,0.01,0
401572,63,1,0.91,0
401676,63,2,16.67,0
401766,63,1,2.03,0
401790,63,1,86.33,6
401808,63,1,0.3,0
403934,63,1,0.23255814,0
6016,64,1,206.18,3
7234,64,2,0.01,4
7539,64,0,0.01,0
7778,64,1,0.01,0
7796,64,2,0.009242144,0
7833,64,1,0.02,0
7977,64,1,72.67,7
8361,64,0,0.01,0
8368,64,1,33.03,0
8752,64,1,0.01,2
9271,64,1,0.01,6
9713,64,0,0.01,0
9890,64,1,71.29,0
9906,64,1,0.01,2
10118,64,2,24.2,1
10443,64,0,171.82,0
11466,64,1,14.34,9
12478,64,0,0.21,0
13174,64,1,47.22,1
13896,64,1,0.29,4
14552,64,1,0.01,4
14756,64,1,0.02,5
15101,64,2,20.34,4
15124,64,0,0.59,0
15797,64,1,0.01,2
16081,64,1,2.75,6
16483,64,1,0.01,2
16490,64,1,4.88,0
16903,64,0,0.009242144,0
17029,64,1,0.02,0
17032,64,1,274.91,3
17038,64,0,0.01,0
17345,64,1,0.01,0
17691,64,0,0.01,0
18262,64,1,0.06,2
18354,64,0,0.01,0
18654,64,1,48.1,5
18660,64,1,1.51,1
18786,64,1,171.82,3
18796,64,1,0.01,8
19167,64,2,0.01,0
19417,64,1,481.09,8
19598,64,1,0.02,1
20613,64,1,2.3,3
20839,64,0,103.09,0
21121,64,1,77.25,0
21788,64,1,0.01,6
21872,64,1,0.01,0
23633,64,0,0.01,0
24171,64,1,81.81,5
24287,64,1,1395.34,2
24290,64,1,1.88,3
24310,64,2,0.01,0
24370,64,0,0.01,0
24537,64,1,0.02,5
24551,64,1,0.02,2
24632,64,0,0.009242144,0
25759,64,1,0.01,6
26128,64,1,0.63,0
26533,64,1,24.85,4
26658,64,1,0.01,3
27667,64,0,1.3,0
27674,64,1,446.47,3
27818,64,1,0.01,6
27821,64,2,0.01,5
27825,64,0,0.01,0
28733,64,0,0.01,0
28850,64,0,17.18,0
29606,64,1,120.27,5
100844,64,2,2356.91,3
100916,64,1,48.1,1
106932,64,1,0.38,3
106953,64,2,0.02,2
108169,64,1,0.51,3
108548,64,1,0.01,5
110847,64,1,0.011627907,3
110877,64,1,0.016155089,6
400730,64,1,54.98,0
400762,64,1,0.89,0
400841,64,1,5.81,0
401028,64,1,12.65,0
401055,64,1,58.21,0
401104,64,1,103.09,0
401146,64,1,61.62,0
401202,64,1,16.82,0
401290,64,1,53.82,0
401347,64,1,11.62,0
500160,64,0,39.82,0
500198,64,1,130.81,3
905,65,1,137.45,3
1707,65,1,54.98,4
1710,65,1,17.18,2
2682,65,1,85.91,6
3702,65,1,54.98,6
7236,65,1,0.01,6
7327,65,0,0.01,0
7559,65,1,0.003696858,0
7582,65,1,87.2,0
7856,65,1,0.01,0
7961,65,1,17.18,0
8204,65,1,0.01,6
8564,65,1,11.62,0
8822,65,1,0.01,3
8948,65,0,0.01,0
9431,65,0,0.01,0
10899,65,1,13.9,9
10951,65,1,0.01,0
11093,65,1,0.01,4
11196,65,1,101.74,4
11341,65,1,0.01,4
11344,65,1,0.02,5
11370,65,1,0.01,4
11505,65,1,203.48,13
11535,65,1,7.05,0
11536,65,0,0.009242144,0
11684,65,1,0.02,5
11720,65,1,481.09,0
11721,65,1,41.23,4
12151,65,1,11.31,8
12170,65,1,0.13,2
12617,65,1,250.69,10
13297,65,2,0.02,2
13389,65,1,8.72,0
13807,65,1,0.02,2
14253,65,0,0.01,0
14314,65,3,0.01,6
14549,65,1,0.01,0
15319,65,1,87.2,0
15789,65,0,0.01,0
16257,65,1,0.02,3
16914,65,1,11.62,2
16916,65,1,11.62,1
17859,65,1,1.68,1
17969,65,1,0.01,5
18485,65,1,103.09,6
18539,65,1,0.01,0
20755,65,0,0.01,0
21272,65,1,49.31,0
21600,65,0,0.02,0
21873,65,1,0.01,4
22166,65,1,0.01,4
22395,65,1,10.75,0
23255,65,1,2.74,1
23365,65,0,0.008077544,0
23807,65,2,0.01,1
23878,65,0,20.61,0
24270,65,1,322.35,1
24303,65,0,0.01,0
24315,65,3,174.41,4
24325,65,0,17.18,0
24416,65,1,33.31,7
24635,65,2,0.01,0
24677,65,2,277.69,0
25934,65,1,0.01,0
26134,65,1,0.86,5
26339,65,1,0.01,9
26596,65,2,0.82,4
26712,65,1,12.12,4
27080,65,0,20.76,0
27377,65,0,0.01,0
27500,65,1,0.01,5
27868,65,1,447.56,3
27948,65,1,0.01,0
27973,65,1,0.02,4
28326,65,1,0.01,1
28432,65,1,0.01,0
29708,65,2,34.26,1
29878,65,1,154.63,8
29898,65,2,120.27,5
100940,65,1,34.36,2
101162,65,1,25.77,6
101929,65,1,549.82,4
105048,65,0,29.06,0
106904,65,3,0.01,4
400329,65,1,20.57,0
400547,65,1,65.45,0
400619,65,1,175.43,0
400719,65,1,9.17,0
400812,65,1,29.06,0
400910,65,1,27.49,0
400940,65,1,23.25,0
400970,65,1,11.62,0
401366,65,1,0.02,0
401532,65,1,0.009242144,0
401751,65,1,6.87,0
402002,65,1,17.18,0
403020,65,1,0.01,0
403621,65,2,0.87,0
8196,66,0,57.03,0
8401,66,2,0.01,1
8408,66,2,0.39,0
9374,66,0,34.36,0
9413,66,1,0.02,3
10220,66,2,0.01,0
10508,66,1,0.01,10
11650,66,2,154.63,1
11796,66,0,0.009242144,0
12043,66,0,0.01,0
12127,66,1,25.65,3
12166,66,1,14.41,0
12193,66,1,0.01,1
13167,66,0,1.09,0
13210,66,1,0.02,3
13549,66,1,35.63,0
13555,66,1,24.05,7
13566,66,0,0.01,0
14505,66,0,0.01,0
14666,66,1,4.36,0
14726,66,2,0.01,10
15407,66,2,209.3,2
15543,66,1,1.18,0
15745,66,1,0.01,12
15763,66,2,0.17,0
15767,66,0,0.01,0
15980,66,1,0.01,5
16492,66,0,5.58,0
17824,66,1,0.01,7
17946,66,2,103.09,6
17948,66,1,0.29,5
18676,66,1,5232.55,0
18972,66,1,0.008077544,4
19284,66,0,550.09,0
19747,66,0,0.01,0
20757,66,1,0.01,3
20758,66,1,0.6,5
21154,66,1,259.83,4
21185,66,1,35.31,0
21192,66,1,0.01,4
21254,66,0,23.25,0
21527,66,1,27.49,2
21654,66,0,0.01,0
22139,66,2,0.01,8
22575,66,1,0.01,4
22576,66,1,0.01,6
23013,66,2,11.11,2
23095,66,0,4.36,0
23350,66,1,1.87,8
23410,66,0,0.01,0
23818,66,2,85.91,1
24199,66,1,0.01,0
24201,66,0,0.8,0
24226,66,2,13.95,1
24421,66,1,32.78,0
24457,66,1,1407.65,1
25878,66,2,25.73,1
25909,66,0,61.85,0
26179,66,1,0.009242144,7
26277,66,0,0.01,0
26287,66,1,0.01,9
26556,66,1,0.01,5
26756,66,1,0.009242144,0
26811,66,0,0.02,0
27368,66,3,0.01,3
27424,66,1,2.32,6
28057,66,1,206.18,7
28069,66,2,0.02,7
28411,66,2,35.28,2
28879,66,1,13.74,9
29490,66,1,1.32,5
29501,66,1,44.2,4
29712,66,1,13.74,0
29976,66,1,171.82,5
62039,66,1,0.02,0
100587,66,1,68.72,3
100933,66,1,85.91,5
101142,66,1,27.49,4
103112,66,1,429.55,11
105782,66,1,0.02,0
107010,66,1,561.03,5
108864,66,1,0.01,6
109956,66,1,0.01,3
400032,66,1,0.41,0
400123,66,1,0.009242144,0
400319,66,1,0.01,0
400529,66,1,4.53,0
400564,66,1,10.3,0
400694,66,1,1.54,0
400752,66,1,5.81,0
400760,66,1,1.68,0
401616,66,1,0.02,0
401998,66,1,48.1,4
402156,66,1,21.87,0
402194,66,1,95.52,0
402266,66,1,27.49,0
403325,66,1,0.02,0
403420,66,1,40.69,0
30,67,1,10.6,6
290,67,1,34.36,1
705,67,1,103.09,3
1576,67,2,481.09,10
7737,67,1,10.4,0
7986,67,1,1.42,6
7987,67,2,116.27,8
8389,67,1,0.01,4
8845,67,2,10.21,4
9276,67,1,0.01,0
10955,67,0,0.009242144,0
11091,67,0,0.01,0
11210,67,1,0.36,6
11255,67,1,120.27,7
11590,67,1,93.76,4
11934,67,0,0.27,0
12333,67,1,30.31,6
13583,67,1,0.01,2
14264,67,1,0.01,0
15761,67,3,0.01,7
16050,67,2,7.91,0
16415,67,1,240.54,0
16637,67,0,0.38,0
16658,67,1,2.49,5
17292,67,1,0.01,5
17567,67,1,7.07,4
17985,67,1,0.01,10
18512,67,1,0.009242144,3
20465,67,1,0.01,0
20732,67,1,0.01,6
21148,67,1,77.56,3
21288,67,2,0.01,3
21432,67,1,25.34,3
21464,67,1,41.23,0
22058,67,1,0.01,3
22355,67,1,240.54,4
22415,67,1,0.01,1
22720,67,1,0.4,3
23237,67,2,1.3,3
23793,67,1,0.26,2
24051,67,2,0.57,0
24153,67,1,0.01,4
24161,67,1,61.85,3
24236,67,0,0.01,0
24611,67,0,0.01,0
24691,67,1,10.49,1
24875,67,1,0.01,1
25030,67,1,2.54,4
25704,67,1,0.02,1
25926,67,0,0.01,0
26169,67,1,0.02,3
26313,67,2,20.61,2
26652,67,1,0.29,5
27078,67,1,154.63,12
27360,67,2,0.87,4
27565,67,1,0.01,3
27571,67,0,0.01,0
27928,67,1,0.009242144,1
28044,67,1,0.01,0
28562,67,1,0.01,5
28583,67,1,44.9,5
28773,67,0,0.01,0
29577,67,1,15.73,0
29643,67,1,859.1,8
29765,67,0,100.2,0
101176,67,1,20.61,6
101685,67,1,6.87,0
103649,67,1,30.92,4
103754,67,1,2.74,11
104048,67,1,41.23,3
400162,67,1,189.99,0
400569,67,1,39.05,0
400757,67,1,103.09,0
401170,67,1,18.13,0
401801,67,1,72.78,0
401930,67,1,0.02,0
403032,67,1,30.72,0
909,68,1,274.91,3
1252,68,1,1030.92,2
1898,68,3,48.1,5
3708,68,1,85.91,5
4849,68,1,13.74,6
7224,68,1,0.01,1
8267,68,0,0.01,0
8482,68,0,46.51,0
8486,68,1,0.01,4
9212,68,0,0.01,0
9700,68,1,99.26,0
9876,68,1,0.01,7
11334,68,1,0.01,3
11751,68,1,26.16,2
12340,68,0,0.009242144,0
12483,68,1,0.4,0
12785,68,2,0.01,0
14163,68,2,0.23,4
14189,68,1,0.02,2
14559,68,0,2.63,0
15758,68,3,0.01,5
15790,68,1,0.01,4
15841,68,0,0.01,0
15950,68,1,0.05,0
16075,68,0,72.67,2
16260,68,1,0.01,0
16366,68,2,0.02,1
16725,68,1,0.01,8
16869,68,1,52.32,5
17102,68,1,0.01,2
17321,68,1,0.01,1
17400,68,0,0.01,0
17630,68,1,0.01,3
17981,68,1,0.01,3
19320,68,1,1.92,5
19576,68,1,0.02,2
20189,68,1,103.09,3
20451,68,2,0.23,2
20744,68,1,0.02,7
20759,68,1,0.01,0
21653,68,0,0.01,0
21821,68,0,0.01,0
21841,68,1,0.93,5
22036,68,1,0.01,9
22477,68,1,2.9,5
22485,68,1,0.01,6
22690,68,0,5.15,0
22744,68,1,0.49,0
23004,68,1,0.01,5
24258,68,1,0.01,0
24282,68,0,0.009242144,0
24361,68,0,0.01,0
24680,68,1,0.14,2
24928,68,1,0.01,2
24997,68,1,11.62,6
25105,68,1,0.06,4
25787,68,0,0.01,0
25972,68,1,82.6,7
29713,68,1,14.59,1
29772,68,1,30.92,5
29888,68,0,68.72,0
39590,68,1,0.01,7
100074,68,2,103.09,5
100978,68,2,54.98,4
103516,68,1,137.45,6
107030,68,1,22.75,4
107890,68,1,0.01,9
108160,68,1,0.01,1
108544,68,1,0.01,7
109701,68,1,4.9,5
400101,68,1,130.81,0
400362,68,1,79.72,0
400399,68,1,40.69,0
400411,68,1,2.05,0
400454,68,1,13.33,0
400644,68,1,15.68,0
400652,68,1,41.4,0
400831,68,1,0.01,0
400843,68,1,34.88,0
400861,68,1,5.15,0
400980,68,1,54.98,0
401394,68,1,0.01,0
401753,68,1,13.74,7
402076,68,1,40.69,5
403008,68,1,72.67,0
403256,68,1,0.01,0
500058,68,1,231.51,12
1247,69,1,48.1,0
3354,69,0,2.74,1
5276,69,1,41.23,2
6723,69,1,154.63,5
7386,69,0,0.01,0
7418,69,1,0.01,7
7521,69,1,87.2,4
7537,69,1,0.01,9
7621,69,1,0.01,0
7949,69,1,146.16,0
8339,69,2,0.01,4
8385,69,1,22.84,4
8799,69,0,0.01,0
8904,69,1,290.69,2
8997,69,2,0.01,0
9424,69,1,0.01,0
10436,69,1,0.01,6
10438,69,1,0.01,7
11427,69,0,64.74,0
11693,69,0,0.01,0
11736,69,1,0.01,2
11777,69,1,101.74,5
12532,69,1,0.02,1
13125,69,1,10.3,4
13337,69,2,0.02,0
13342,69,1,0.01,9
14010,69,2,0.86,5
14191,69,0,42.58,0
14773,69,1,0.008077544,3
14776,69,0,0.01,0
14884,69,1,0.01,3
15786,69,0,0.01,0
16551,69,2,0.02,5
16638,69,1,0.21,7
17052,69,1,41.23,11
17070,69,1,0.01,0
18001,69,0,0.02,0
18663,69,0,15.63,0
18681,69,1,116.27,4
18853,69,1,61.85,0
19313,69,1,120.27,5
19671,69,0,8.55,0
19727,69,2,0.009242144,1
20154,69,1,0.01,0
20519,69,1,1.55,6
22155,69,2,0.01,3
22214,69,1,0.01,2
22343,69,0,2.08,0
22451,69,1,0.01,8
22596,69,3,0.01,7
22617,69,1,111.22,7
22767,69,1,0.01,6
22810,69,0,8.72,0
22986,69,1,1.17,3
23881,69,1,0.01,5
24027,69,1,120.27,0
24034,69,0,52.32,0
24259,69,1,16.81,3
24332,69,1,240.54,0
24334,69,0,171.82,0
24612,69,1,0.01,0
24965,69,0,0.87,0
25722,69,2,2.74,9
26770,69,1,0.01,5
27166,69,1,0.45,4
27396,69,1,1.07,4
27610,69,2,27.49,7
27796,69,1,0.19,2
28172,69,1,17.18,7
28381,69,0,0.01,0
28704,69,2,27.02,5
28948,69,1,35.9,2
29564,69,1,0.01,1
29992,69,2,0.11,0
100779,69,1,1030.92,7
102980,69,1,0.009242144,6
103083,69,1,23.85,0
103447,69,1,0.01,2
104057,69,1,0.01,6
109020,69,1,0.01,1
109554,69,1,11.39,3
400000,69,1,0.58,4
400161,69,1,15.62,0
400360,69,1,68.16,0
400448,69,1,213.73,0
400503,69,1,49.68,0
400528,69,1,14.53,0
400701,69,1,186.04,0
400707,69,1,85.06,0
400717,69,1,343.64,7
400723,69,1,48.44,0
400776,69,1,2.32,0
400845,69,1,68.29,0
400867,69,1,3.65,6
400890,69,1,40.75,0
400912,69,1,87.2,0
401040,69,1,13.74,0
401054,69,1,15.78,0
401144,69,1,57.91,0
401162,69,1,0.01,0
401412,69,1,245.62,0
401734,69,1,54.98,0
401882,69,1,80.49,0
401944,69,1,3.07,0
401952,69,1,36.92,0
402004,69,1,394,0
402270,69,1,54.86,0
403451,69,1,77.67,0
5283,70,1,61.85,8
7524,70,1,2.71,0
7874,70,1,0.01,0
8002,70,2,5.51,5
8109,70,1,240.54,0
8195,70,1,22.85,1
9880,70,0,0.008077544,0
10081,70,1,0.01,8
10334,70,1,6.05,1
10362,70,1,49.89,5
10780,70,1,0.59,2
10820,70,1,9.68,0
10844,70,1,0.01,6
11100,70,2,0.02,7
11115,70,0,0.01,0
11143,70,1,22.3,2
11197,70,1,37.3,2
11211,70,1,1.54,2
11246,70,1,771.62,6
12772,70,1,0.01,2
13270,70,1,1.36,7
13884,70,3,0.85,6
13898,70,2,0.01,0
14250,70,1,1.87,3
14340,70,1,0.01,3
15310,70,1,0.3,2
15679,70,0,0.02,0
15839,70,2,0.43,5
15981,70,1,0.02,1
16250,70,1,0.009242144,3
16255,70,0,0.01,3
16682,70,1,36.19,3
16895,70,1,120.27,5
17095,70,1,0.01,0
17256,70,1,69.67,9
17349,70,1,1.43,0
17355,70,1,0.01,4
17558,70,0,0.01,0
17806,70,0,0.01,0
17811,70,0,240.54,0
17984,70,2,0.01,3
18116,70,2,43.06,2
19199,70,1,0.01,6
19260,70,0,0.01,0
19372,70,1,0.01,0
19637,70,0,0.02,0
19741,70,1,0.01,0
19931,70,1,0.01,0
21238,70,0,0.009242144,0
21325,70,1,5.56,6
21595,70,0,0.01,0
21778,70,1,0.01,0
22143,70,0,0.01,0
22357,70,1,0.008077544,0
22392,70,2,78.87,3
22766,70,0,0.009242144,0
22936,70,2,24.05,11
22993,70,1,0.01,1
24218,70,1,186.04,1
24383,70,1,0.01,7
24540,70,0,0.01,0
24861,70,0,82.77,0
25042,70,1,0.01,0
25783,70,1,3.39,13
25917,70,1,41.23,8
25930,70,1,0.01,1
26953,70,2,0.25,5
27065,70,2,0.01,4
27439,70,1,0.01,0
27826,70,1,0.01,0
28273,70,2,0.01,1
28511,70,1,29.93,1
28557,70,0,0.01,0
28772,70,2,0.02,0
28902,70,0,20.61,0
29893,70,1,515.46,6
74379,70,1,7.38,0
74550,70,1,0.01,2
100742,70,1,8.01,2
101290,70,1,49.39,0
104030,70,1,22.49,4
105713,70,1,0.009242144,0
105982,70,1,5.02,0
111010,70,1,0.016155089,4
111476,70,1,34.36426117,2
400358,70,1,132.95,0
400468,70,1,109.9,0
400565,70,1,95.45,0
400580,70,1,20.34,0
400582,70,1,2.28,0
400599,70,1,348.83,0
400720,70,1,192.19,0
400759,70,1,11.78,0
400855,70,1,42.04,0
400898,70,1,20.61,0
400968,70,1,23.25,0
401027,70,1,4.95,0
401227,70,1,1.16,0
401404,70,1,0.02,0
402000,70,1,85.91,0
403106,70,1,0.01,0
292,71,1,34.36,4
1956,71,1,1030.92,4
5320,71,1,343.64,0
8012,71,0,0.01,0
8247,71,1,0.009242144,0
8306,71,1,481.09,4
8402,71,1,0.01,3
8809,71,1,0.52,0
9159,71,3,581.39,5
9415,71,2,0.01,9
9902,71,2,18.18,10
10273,71,1,137.45,7
10863,71,1,48.47,0
10952,71,0,0.01,0
11042,71,1,3.89,6
11249,71,1,145.68,2
11585,71,2,0.35,0
11608,71,1,5.97,0
11748,71,0,40.35,0
12016,71,3,11.44,9
12342,71,2,116.27,6
12712,71,1,11.1,0
12755,71,1,0.009242144,2
13079,71,0,105.28,0
13287,71,1,0.01,0
13294,71,0,0.01,0
14520,71,0,0.02,0
14702,71,1,8.3,0
15105,71,1,0.02,7
16178,71,1,103.09,0
16476,71,1,13.23,0
16744,71,1,0.02,2
17232,71,0,0.01,0
17539,71,1,27.2,5
18209,71,1,40.69,6
18666,71,2,963.52,15
18675,71,1,7848.83,5
18814,71,1,27.9,1
19358,71,1,99.86,2
19997,71,1,0.01,5
20003,71,1,41.08,9
20183,71,1,0.01,0
20216,71,1,3.77,1
21335,71,0,0.01,0
21337,71,0,0.01,0
21467,71,1,0.02,8
21581,71,1,119.65,12
21597,71,1,0.01,7
21781,71,1,0.25,8
21840,71,1,0.01,0
22603,71,0,0.02,0
22794,71,0,0.01,0
22941,71,0,81.39,0
22990,71,0,11.44,0
23652,71,1,0.17,11
23797,71,1,0.02,12
23934,71,1,2.13,3
23961,71,2,481.09,3
24202,71,0,0.01,1
24241,71,2,85.91,3
24496,71,1,48.1,1
25756,71,0,0.01,0
26074,71,0,3.59,0
26283,71,3,0.008077544,0
26654,71,1,0.02,0
26809,71,1,0.02,0
27272,71,0,19.56,0
27359,71,1,0.01,0
27488,71,1,401,0
27923,71,0,0.02,0
28356,71,1,0.01,2
29740,71,1,17.18,2
29829,71,2,103.09,7
100671,71,1,206.18,4
100737,71,1,0.01,4
100858,71,0,17.44,0
100941,71,1,40.69,5
100957,71,1,10.3,5
101737,71,1,2.74,7
101753,71,2,412.37,4
101800,71,1,206.18,0
102157,71,1,0.01,0
103193,71,1,19.66,0
105392,71,1,0.35,9
110824,71,1,0.011627907,6
400160,71,1,8.1,0
400337,71,1,0.33,0
400456,71,1,63.09,0
400497,71,1,12.04,0
400501,71,1,12.54,0
400758,71,1,523.25,1
400803,71,1,29.86,0
400887,71,1,5.16,0
400906,71,1,10.41,0
400963,71,1,111.99,0
401079,71,1,48.1,0
401177,71,1,103.09,0
401756,71,1,17.44,7
401760,71,1,34.88,0
401884,71,1,0.01,0
402007,71,1,32.3,0
402019,71,1,1027.04,0
402114,71,1,109.32,0
264,72,1,41.23,6
3588,72,1,549.82,5
4332,72,1,171.82,3
7526,72,0,116.27,0
7830,72,1,0.53,0
7900,72,2,209.3,7
7970,72,1,1.3,3
7979,72,1,0.01,0
8193,72,1,41.23,0
8481,72,1,274.91,5
8500,72,1,0.01,7
9205,72,0,0.01,2
9222,72,1,0.02,2
9370,72,1,43.26,5
9398,72,1,0.009242144,8
9429,72,2,0.01,6
9543,72,1,4.08,6
10224,72,1,0.02,4
10346,72,2,0.01,4
10366,72,1,0.01,5
11287,72,1,23.26,2
11525,72,3,0.01,4
11737,72,1,0.01,0
12191,72,1,0.01,3
12482,72,1,0.23,0
13179,72,1,0.01,7
13213,72,1,0.01,3
13284,72,2,23.25,4
13511,72,1,0.01,10
13580,72,1,0.01,2
13681,72,1,0.01,7
14321,72,0,0.01,0
14456,72,0,54.98,0
15299,72,1,65.12,3
15962,72,1,0.009242144,3
16263,72,0,0.02,0
16313,72,0,0.01,0
17009,72,1,0.01,1
17059,72,3,0.03,4
17271,72,1,6.87,4
17621,72,0,0.009242144,0
17725,72,0,0.01,0
18050,72,1,0.02,3
18344,72,1,0.02,5
18629,72,1,0.009242144,0
18659,72,0,274.91,2
19431,72,1,1017.44,8
19582,72,1,0.01,10
19723,72,1,0.01,5
20185,72,0,25.44,0
20268,72,1,0.01,1
20609,72,1,0.01,2
20887,72,1,0.01,5
21139,72,2,46.04,2
21704,72,1,32.18,7
22361,72,3,2.68,3
22716,72,2,35.77,2
22866,72,1,0.16,3
23007,72,1,0.01,0
23154,72,1,0.02,2
23634,72,1,0.01,0
24193,72,1,0.01,5
24454,72,1,20.46,3
24877,72,0,0.01,0
25102,72,0,0.01,0
25932,72,0,0.01,7
25992,72,3,25.44,4
26174,72,1,0.01,6
26228,72,0,1.74,0
26230,72,1,2.06,2
26279,72,1,0.01,2
26705,72,0,0.01,0
27374,72,1,0.01,5
27817,72,0,0.9,0
27903,72,1,0.01,1
28358,72,1,0.01,0
28774,72,0,0.01,1
28911,72,1,287.88,10
29754,72,0,39.73,0
29762,72,2,48.1,6
29764,72,2,30.92,7
29797,72,2,54.98,14
100519,72,2,274.91,11
100697,72,2,48.1,4
100758,72,1,120.27,9
100867,72,1,137.45,3
101244,72,1,95.63,0
102248,72,1,0.01,7
103493,72,1,65.62,0
103852,72,1,200.84,0
105184,72,1,40.54,3
105704,72,1,0.01,4
107996,72,1,0.01,8
109112,72,1,0.02,3
109950,72,1,0.02,1
400033,72,1,25.12,0
400076,72,1,206.18,0
400156,72,1,24.67,0
400158,72,1,59.1,0
400271,72,1,0.01,0
400361,72,1,21.84,0
400434,72,1,0.01,0
400621,72,1,20.31,0
400673,72,1,737.97,0
400753,72,1,0.42,0
401042,72,1,68.72,0
401460,72,1,0.02,0
401626,72,1,0.79,0
402158,72,1,50.42,5
403076,72,1,0.02,7
354,73,1,54.98,4
1246,73,1,584.19,0
2378,73,2,41.23,0
7476,73,1,0.01,0
8081,73,1,22.74,7
8114,73,1,1.72,0
8215,73,2,30.7,5
8406,73,0,0.01,0
8453,73,2,0.01,6
8499,73,1,0.01,3
8739,73,0,0.01,0
9946,73,1,0.02,7
10061,73,1,0.01,5
10466,73,1,72.67,1
11074,73,1,9.16,4
11237,73,1,14.31,6
11367,73,0,0.01,0
11511,73,1,0.02,0
12141,73,1,20.74,0
12326,73,0,274.91,0
12595,73,1,0.01,4
12614,73,1,0.009242144,3
12654,73,0,0.01,0
13193,73,1,0.01,9
13218,73,1,0.02,0
13314,73,0,0.01,1
13685,73,3,716.84,0
14113,73,1,0.46,4
14152,73,1,52.32,3
14153,73,2,206.01,4
14795,73,1,0.02,4
15100,73,1,34.05,2
15257,73,1,0.01,5
15351,73,0,0.01,0
15714,73,1,203.48,1
15945,73,0,0.02,0
16233,73,2,0.01,2
16628,73,0,0.01,0
16719,73,1,0.02,9
16961,73,0,0.01,0
17018,73,1,108.97,6
17543,73,1,0.02,4
17657,73,1,0.26,11
18003,73,1,0.02,9
18392,73,2,44.03,6
18849,73,1,46.51,3
19328,73,2,0.02,0
19765,73,1,2.44,5
19978,73,1,10.83,1
20167,73,0,0.01,0
20423,73,0,0.01,0
21012,73,1,28.81,8
21074,73,0,0.01,0
21517,73,1,29.87,7
21897,73,1,0.009242144,8
22335,73,1,0.01,3
22711,73,1,0.01,3
22909,73,1,5.15,1
22989,73,0,2.54,0
23092,73,1,0.92,3
23367,73,0,9.77,0
23430,73,1,0.02,4
23614,73,0,3.02,0
24252,73,3,179.31,0
24547,73,1,101.03,2
24916,73,2,0.009242144,0
25673,73,1,240.54,5
25921,73,1,8.8,9
26199,73,0,165.65,0
26239,73,1,22.8,4
27280,73,1,0.01,5
27438,73,1,0.01,3
27460,73,2,0.01,6
27662,73,0,0.58,0
27669,73,1,20.53,10
27834,73,0,0.01,0
28028,73,2,0.01,1
28443,73,0,0.01,0
28490,73,1,0.01,0
28830,73,1,0.01,0
28873,73,1,45.2,4
29504,73,2,40.2,8
29962,73,1,618.55,5
62125,73,1,0.37,0
100812,73,1,669.76,9
100855,73,2,549.82,6
100891,73,1,309.27,9
101590,73,1,27.49,10
101639,73,1,0.01,0
102136,73,1,0.01,9
102864,73,1,0.01,5
103692,73,1,34.36,7
105828,73,1,0.23,4
106636,73,1,0.009242144,8
108542,73,1,0.01,6
108586,73,1,0.48,5
400077,73,1,0.69,0
400301,73,1,10.1,0
400366,73,1,188.8,0
400554,73,1,1.53,0
400568,73,1,58.13,0
400634,73,1,145.34,0
400645,73,1,2.05,0
400667,73,1,2.3,0
400770,73,1,120.27,0
401111,73,1,185.56,0
401157,73,1,87.2,0
401406,73,1,1.91,0
401688,73,1,29.06,0
401724,73,1,0.01,0
401736,73,1,1.86,0
401764,73,1,0.02,0
401886,73,1,412.37,0
402008,73,1,41.79,0
402244,73,1,0.009242144,6
403242,73,1,0.33,0
3586,74,1,34.36,3
6795,74,2,1.54,6
7323,74,1,0.01,3
7369,74,1,0.01,0
7565,74,1,0.42,0
8260,74,1,0.34,2
8901,74,0,0.01,0
8947,74,0,0.01,0
8999,74,1,0.68,1
9007,74,3,0.009242144,2
9507,74,0,137.45,0
9698,74,2,274.91,5
9748,74,1,0.02,1
9930,74,2,4.89,0
10523,74,1,0.01,5
10957,74,0,0.01,0
11092,74,1,0.02,4
11151,74,1,0.01,10
11221,74,1,11.22,0
11790,74,1,0.01,0
11919,74,0,0.01,0
13080,74,1,59.14,3
13396,74,1,0.01,4
13509,74,1,0.01,1
13812,74,1,0.01,9
14571,74,2,0.01,4
14597,74,1,0.02,8
14765,74,1,0.01,4
15083,74,1,618.55,0
15099,74,1,1.16,0
15129,74,1,20.02,3
15131,74,0,20.63,0
15415,74,0,0.01,1
15822,74,1,3.43,0
15982,74,1,0.01,3
16266,74,1,406.97,0
16451,74,1,0.01,11
16612,74,1,2.45,3
17041,74,1,7.75,0
17316,74,0,12.44,0
17398,74,3,0.02,0
17547,74,2,26.17,2
17989,74,1,1.63,5
18007,74,2,0.01,0
18243,74,1,0.01,0
18309,74,1,0.01,3
18511,74,0,0.01,0
18645,74,1,0.02,1
18674,74,2,194.84,4
18928,74,1,84.55,6
19787,74,1,0.01,2
19938,74,1,0.02,0
20214,74,0,9.39,0
20622,74,2,0.01,0
20727,74,3,0.02,6
20754,74,0,0.01,0
20840,74,1,161.82,2
20932,74,2,27.4,0
21023,74,1,0.33,0
21521,74,1,0.01,5
21533,74,0,8.13,0
21535,74,1,0.68,2
21561,74,1,2.39,0
21577,74,1,21.96,3
21863,74,1,1.34,3
21892,74,1,0.01,3
21994,74,0,0.02,0
22121,74,1,0.02,0
22332,74,1,44.56,7
22393,74,2,0.01,3
22701,74,0,101.74,0
22763,74,1,0.01,0
23053,74,0,0.009242144,0
23079,74,0,0.01,0
23271,74,1,0.01,0
23523,74,1,0.02,0
23963,74,1,4012.84,3
24222,74,1,214.23,0
24357,74,0,0.01,0
24407,74,1,0.01,8
24731,74,1,0.01,0
24850,74,0,0.01,0
25098,74,1,0.01,8
26806,74,0,0.01,0
27084,74,1,5.65,0
27100,74,1,17.18,7
27110,74,1,18.31,4
27117,74,1,0.02,2
27277,74,1,0.01,0
27367,74,0,0.01,0
27613,74,2,0.17,11
27869,74,0,0.02,0
27918,74,1,13.94,5
27997,74,1,0.01,1
28067,74,2,0.02,3
28404,74,1,31.14,0
28450,74,1,0.05,2
29480,74,0,29.06,0
29571,74,1,0.02,8
29749,74,1,206.18,9
100535,74,1,61.85,1
100599,74,1,0.01,2
100705,74,1,48.1,1
100956,74,1,206.18,7
103848,74,0,0.02,0
105036,74,1,0.01,1
105072,74,0,0.02,0
105395,74,1,0.01,4
108545,74,1,0.01,4
400034,74,1,2.03,0
400237,74,1,220.95,0
400259,74,1,26.21,0
400339,74,1,2.36,0
400567,74,1,206.18,0
400612,74,1,98.03,0
400635,74,1,0.58,0
400731,74,1,1.37,0
400755,74,2,0.01,0
400798,74,1,56.29,8
400809,74,1,26.16,9
400922,74,1,146.13,0
401053,74,1,60.15,0
401154,74,1,51.77,0
401226,74,1,4.22,0
401488,74,1,1.31,0
402031,74,1,7.73,0
403110,74,1,0.48,0
403834,74,1,18,6
1543,75,1,5.15,9
4639,75,1,2.74,6
6660,75,1,17.18,0
7233,75,0,0.01,0
7581,75,1,0.01,2
8138,75,3,1.56,0
8245,75,1,0.01,0
8281,75,1,0.02,0
8367,75,1,0.01,6
8392,75,1,8.48,3
8394,75,1,0.01,5
8409,75,1,0.02,3
8484,75,0,0.01,0
9550,75,2,221.91,3
9591,75,0,0.01,0
9767,75,1,163.73,1
9924,75,1,0.01,5
10361,75,1,72.67,4
10520,75,1,2.03,4
10819,75,0,0.008077544,0
10836,75,3,0.12,2
11030,75,0,0.01,0
12407,75,1,0.009242144,0
12456,75,1,2.06,1
12459,75,2,0.02,6
12670,75,1,0.02,0
13188,75,0,27.49,0
14818,75,0,105.7,0
14880,75,0,0.01,0
15042,75,1,0.01,4
15995,75,1,0.02,7
16073,75,1,31.6,0
16267,75,1,129.78,7
16336,75,1,0.21,3
17230,75,3,0.01,3
17640,75,1,0.01,7
17854,75,1,0.01,5
17956,75,1,2.19,6
17980,75,0,0.01,0
19297,75,0,0.01,0
19928,75,1,0.73,0
20067,75,1,0.3,7
20155,75,1,0.01,3
20735,75,1,0.01,5
21138,75,1,1.26,0
21259,75,0,0.01,0
21280,75,0,116.27,0
21422,75,1,13.74,1
21465,75,1,0.01,3
21576,75,1,2.32,2
21870,75,1,0.11,1
21889,75,2,0.01,0
22005,75,0,0.01,0
22146,75,3,0.02,1
22174,75,1,3.29,2
22599,75,1,0.01,5
22685,75,0,0.01,0
22707,75,1,0.01,2
23183,75,1,0.02,5
23389,75,2,17.18,2
23619,75,1,0.15,3
23806,75,0,0.02,0
23822,75,1,15.07,1
23823,75,0,0.01,0
24004,75,0,2407.7,0
24007,75,1,2.36,1
24177,75,2,3.59,0
24379,75,0,0.01,0
24952,75,1,0.41,4
25022,75,0,0.01,0
25752,75,0,0.01,0
26563,75,1,20.61,0
26729,75,1,0.009242144,1
26825,75,1,0.14,6
26895,75,2,0.14,3
27069,75,1,481.09,2
27122,75,1,27.61,9
27502,75,1,0.01,3
27537,75,0,0.01,1
29856,75,1,206.18,7
73841,75,1,0.02,10
74073,75,0,0.01,0
100722,75,1,7.6,3
100842,75,1,3436.42,8
100912,75,1,137.45,8
101526,75,1,4.62,3
102817,75,1,0.01,0
103402,75,1,0.01,0
103970,75,1,3.83,0
104079,75,2,49.44,0
104286,75,1,3.04,0
105034,75,1,0.01,4
106144,75,1,0.01,1
400023,75,1,26.68,0
400030,75,1,2.18,0
400192,75,1,30.9,0
400412,75,1,114.98,0
400502,75,1,58.29,0
400650,75,1,58.13,0
400761,75,1,1.16,0
400871,75,1,10.3,0
401081,75,1,23.73,0
401092,75,1,545.8,0
401224,75,1,913.63,4
401598,75,1,0.51,0
401694,75,1,24.05,0
401860,75,1,63.94,2
401928,75,1,5.36,0
401974,75,1,3.93,0
402112,75,1,5.2,0
402178,75,1,4.36,0
1501,76,0,41.23,4
3900,76,1,27.49,10
7945,76,1,2.09,5
7981,76,1,131.13,0
8210,76,0,0.02,0
8509,76,0,0.01,0
8946,76,0,0.01,0
9383,76,1,57.87,11
9509,76,0,0.009242144,0
9562,76,1,484.71,9
9564,76,2,48,4
9582,76,1,62.43,3
9730,76,1,17.33,4
9810,76,1,0.87,5
9811,76,1,3.26,2
9820,76,1,0.01,4
10478,76,1,0.009242144,0
10938,76,0,0.01,0
11180,76,1,41.23,0
11350,76,0,0.01,0
11528,76,2,9.61,1
11940,76,1,2.29,0
12156,76,1,755.76,1
12189,76,0,0.009242144,0
13307,76,1,0.01,4
14119,76,2,0.02,2
14134,76,2,0.01,3
14457,76,1,48.1,5
14588,76,0,17.44,0
15045,76,1,0.01,2
15046,76,2,0.02,0
15300,76,1,65.84,3
15688,76,1,0.02,2
16326,76,1,10.12,7
16481,76,1,0.01,0
16600,76,1,0.01,2
16760,76,1,17.44,0
17623,76,2,0.01,1
17641,76,1,0.01,8
17666,76,1,6.31,4
17718,76,1,7.69,7
18810,76,0,113.68,0
19389,76,1,6.97,6
19929,76,1,0.1,2
20466,76,1,0.02,6
20926,76,1,32.5,3
20945,76,1,0.34,1
21338,76,1,12.23,0
22017,76,2,0.01,2
22211,76,1,14.78,2
22321,76,0,0.01,0
22364,76,1,30.15,3
22370,76,1,7.34,3
22659,76,1,1.03,4
22750,76,2,0.01,9
22805,76,1,0.02,4
23377,76,1,0.01,3
23958,76,0,27.45,0
24221,76,0,4.9,0
24264,76,2,332.48,11
24284,76,2,61.52,4
24322,76,1,174.41,5
24467,76,1,0.01,0
24476,76,0,10.3,0
24541,76,0,0.01,0
25100,76,0,0.01,0
25976,76,0,726.74,0
26123,76,0,0.01,0
26537,76,1,34.88,0
27063,76,0,274.91,0
27315,76,1,5.38,0
27496,76,1,103.09,2
27659,76,1,0.02,8
27842,76,1,154.63,2
28708,76,1,0.76,5
29508,76,1,54.98,7
29646,76,1,3.07,7
100981,76,1,0.72,7
101266,76,1,120.27,5
101468,76,1,61.85,7
102202,76,2,0.01,6
102666,76,1,0.02,0
104062,76,1,0.009242144,4
107670,76,1,0.01,7
111402,76,1,0.105939005,0
400035,76,1,0.02,0
400341,76,1,4.39,0
400546,76,1,31.96,0
400578,76,1,13.74,0
400628,76,1,1.98,1
400631,76,1,8.72,0
400660,76,1,1.16,0
400773,76,1,150.31,0
400823,76,1,1.12,0
400844,76,1,59.59,0
400873,76,1,2.32,0
400967,76,1,5.23,0
401026,76,1,51.47,0
401200,76,1,6.3,0
401210,76,1,2749.14,0
401218,76,1,0.86,0
401640,76,1,2906.97,0
401648,76,1,23.55,0
401892,76,1,51.15,0
401964,76,1,5.81,4
402234,76,1,659.78,0
403178,76,1,28.84,0
403210,76,1,0.01,5
403320,76,1,0.01,0
403334,76,1,58.27,0
3714,77,1,120.27,7
5759,77,1,120.27,5
7619,77,1,0.01,4
8825,77,1,0.39,5
8917,77,1,7.65,7
9012,77,1,0.02,0
9175,77,1,6.34,5
9697,77,1,23.25,4
9759,77,1,35.27,4
10212,77,1,1.88,4
10536,77,1,0.02,6
11548,77,0,0.3,0
11572,77,1,0.02,7
11584,77,1,44.49,4
12028,77,1,0.01,0
12082,77,1,0.01,6
12176,77,1,0.02,2
12460,77,2,0.41,1
12691,77,1,0.01,4
13153,77,1,0.009242144,4
13199,77,0,0.38,0
13200,77,1,0.02,0
13269,77,0,37.64,0
14111,77,1,0.01,4
14338,77,1,5.44,4
14351,77,0,0.68,0
14690,77,0,10.3,0
14696,77,0,0.009242144,0
14718,77,1,0.01,6
15292,77,1,87.2,5
15715,77,1,0.01,0
15806,77,2,0.01,6
16442,77,1,343.57,5
16534,77,1,85.24,1
16891,77,0,30.49,0
17828,77,1,5.16,1
17849,77,1,137.45,0
18692,77,0,0.01,0
18724,77,1,0.01,2
18732,77,1,5.29,9
19275,77,2,0.01,4
19343,77,0,3.64,0
19809,77,1,52.32,5
19936,77,1,0.01,6
19988,77,1,1.54,7
19989,77,1,3.61,6
20197,77,1,85.91,0
20766,77,2,0.01,0
20767,77,2,0.01,5
20821,77,0,0.01,0
20959,77,1,0.87,7
21134,77,1,40.14,7
21194,77,1,0.01,3
21518,77,1,12.85,0
21588,77,2,919.73,5
21896,77,1,0.01,2
21983,77,1,119.09,6
22020,77,3,2.14,1
22220,77,1,0.82,0
23924,77,1,0.66,5
24015,77,0,11.67,0
24266,77,1,116.27,5
24716,77,1,14.56,3
24726,77,0,0.01,1
24962,77,2,47.02,2
25815,77,0,0.01,0
25817,77,1,0.01,4
26002,77,0,0.009242144,0
26113,77,0,0.01,0
26528,77,1,45.6,0
26909,77,1,0.01,5
27107,77,0,0.01,0
27354,77,1,5.53,2
27780,77,1,20.34,5
28340,77,1,17.18,5
28344,77,0,0.68,0
28366,77,1,0.01,5
28478,77,1,0.21,2
28481,77,0,0.01,0
29028,77,1,0.01,3
29456,77,2,274.91,8
29498,77,1,11.5,12
29860,77,1,137.45,3
29894,77,1,0.01,5
29991,77,1,155.73,2
100893,77,1,5.15,1
101118,77,0,55.06,0
101411,77,1,0.34,2
104280,77,0,239.75,0
107360,77,1,0.01,4
108578,77,1,4.82,1
110840,77,1,0.017182131,11
400200,77,1,32.16,0
400305,77,1,2.2,0
400359,77,1,919.73,0
400481,77,1,3.53,0
400531,77,1,90.89,0
400702,77,1,3.01,5
400756,77,1,65.56,0
400771,77,1,145.34,0
400821,77,1,366.9,0
400983,77,1,7.51,0
401020,77,1,67.89,9
401041,77,1,52.32,0
401175,77,1,17.37,0
401578,77,1,0.02,0
401618,77,1,2.62,0
401646,77,1,618.55,0
401674,77,1,30.69,0
401754,77,1,68.72,3
402074,77,1,3.86,0
402198,77,1,8.13,0
403120,77,1,24.12,0
403198,77,1,0.01,6
500000,77,2,481.09,11
7257,78,1,0.01,0
7527,78,0,116.66,0
7894,78,2,0.009242144,2
8348,78,1,0.01,6
10122,78,1,1.97,0
10163,78,2,0.94,4
10209,78,1,2.81,4
10274,78,2,4.53,10
10458,78,0,0.87,0
10740,78,1,0.01,4
10960,78,2,0.02,9
11312,78,0,0.01,0
11452,78,1,7.18,0
11613,78,1,20.54,1
11753,78,1,0.009242144,6
11938,78,2,6.25,2
13189,78,1,11.62,4
13194,78,1,0.01,11
13333,78,1,0.01,5
13369,78,1,0.05,3
13863,78,0,0.01,0
13979,78,1,0.01,0
14265,78,1,0.01,3
14352,78,1,0.87,0
14576,78,2,139.53,8
14590,78,0,10.82,0
14722,78,1,0.01,3
15342,78,0,6.79,0
15391,78,1,15.13,4
15965,78,1,0.01,6
17628,78,0,0.01,0
17813,78,1,0.01,2
17814,78,2,0.91,4
18247,78,1,0.01,4
18351,78,1,0.01,11
18523,78,1,1.29,7
19253,78,2,0.56,2
19932,78,1,0.01,4
20248,78,1,165.04,2
21170,78,3,611.54,4
21242,78,0,0.02,0
21342,78,1,0.01,1
21637,78,1,95.34,5
22057,78,0,0.01,0
22117,78,1,0.01,0
22223,78,0,0.01,0
22449,78,1,0.02,1
22584,78,0,0.01,0
22588,78,1,0.02,2
23023,78,1,0.96,5
23203,78,1,8.09,6
23260,78,1,2.32,1
24074,78,1,343.64,2
24091,78,1,165.77,1
24253,78,0,11.62,0
24450,78,1,0.01,0
24682,78,1,78.34,2
24708,78,1,58.2,0
24855,78,1,72.67,8
25699,78,1,0.01,0
25915,78,0,22.4,0
26246,78,2,6.86,4
26331,78,1,0.009242144,0
26598,78,1,5.81,10
27538,78,0,0.01,0
27608,78,1,0.02,4
28042,78,0,26.16,0
28403,78,1,17.35,0
28761,78,1,99.73,5
28913,78,1,2.2,0
29599,78,0,0.01,0
29952,78,1,30.92,8
58829,78,1,0.02,2
100729,78,1,52.34,1
101638,78,1,18.7,0
101742,78,1,32.87,0
104056,78,0,0.01,0
105981,78,1,41.4,3
106072,78,1,42.08,4
106230,78,1,0.01,5
106637,78,1,0.009242144,0
108554,78,1,0.02,3
400008,78,1,7.98,0
400100,78,1,37.66,0
400103,78,1,1.07,0
400194,78,1,94.44,0
400589,78,1,36.02,0
400658,78,1,0.74,0
400695,78,1,0.01,0
400715,78,1,24.34,0
400806,78,1,6.89,0
401062,78,1,35.66,0
401152,78,1,0.57,0
401183,78,1,87.51,0
401820,78,1,0.02,0
401950,78,1,16,0
401958,78,1,14.84,0
403314,78,1,0.67,0
500028,78,1,61.22,2
1259,79,2,30.92,1
2931,79,1,5.15,7
5282,79,1,68.72,4
7710,79,1,0.22,1
7744,79,1,0.01,8
7783,79,1,0.01,6
8143,79,1,0.01,7
8829,79,0,0.009242144,0
9026,79,2,84.54,4
9142,79,1,7.53,3
9382,79,1,15.44,6
9926,79,2,0.01,4
10149,79,1,9.04,5
10381,79,1,0.01,8
10817,79,1,0.01,6
10841,79,1,0.02,1
11137,79,1,3.46,3
12610,79,1,0.02,2
12674,79,1,618.94,0
12990,79,2,0.01,12
13690,79,1,4.93,4
13893,79,0,0.01,0
14889,79,1,0.01,4
16025,79,1,0.1,8
16327,79,0,0.01,0
16348,79,1,87.2,8
16545,79,1,47.24,2
16626,79,0,0.009242144,0
16890,79,0,0.01,0
16999,79,1,0.01,2
17338,79,1,0.01,2
17714,79,1,58.13,6
17863,79,2,0.01,6
18089,79,2,90.7,2
18793,79,1,0.01,8
19342,79,1,104.65,0
19390,79,1,17.6,3
19467,79,0,0.01,0
19950,79,2,0.01,5
20771,79,1,0.01,5
21235,79,1,687.28,1
21640,79,1,0.01,2
22398,79,1,1.08,4
22512,79,2,0.01,4
23177,79,1,0.02,8
24026,79,1,1453.48,6
24203,79,2,0.01,0
24372,79,1,0.01,4
24441,79,0,0.01,0
24868,79,0,85.91,0
25037,79,1,0.01,0
25612,79,1,0.01,8
25700,79,2,0.02,11
25805,79,0,0.01,0
25895,79,1,0.01,0
26226,79,1,243.95,3
26797,79,2,0.53,1
26819,79,2,0.14,2
26883,79,0,3.2,0
27092,79,1,0.01,7
27264,79,2,20.96,7
27426,79,0,21.74,0
28010,79,1,0.01,7
28016,79,1,7.02,0
29450,79,2,0.01,8
100503,79,1,1718.21,0
101937,79,1,0.01,0
102122,79,0,4.16,0
103466,79,1,0.24,4
105046,79,2,0.9,1
105064,79,0,0.01,0
105180,79,1,30.92,5
400111,79,1,0.85,0
400430,79,1,2410.46,0
400446,79,1,872.09,0
400494,79,1,12.89,0
400514,79,1,21.54,0
400583,79,2,582.46,0
400766,79,1,1.13,0
400842,79,1,31.7,0
400892,79,1,114.58,0
400954,79,1,0.11,0
401009,79,1,91.36,0
401129,79,1,77.72,0
401171,79,1,46.09,0
401220,79,1,0.01,0
401706,79,1,48.1,0
401912,79,1,7.62,8
401968,79,1,81.45,0
402005,79,1,128.58,0
402248,79,1,3.66,0
403486,79,2,8.33,0
5623,80,1,85.91,6
6455,80,1,54.98,3
7193,80,1,10.3,0
7414,80,1,5.15,4
7575,80,1,0.01,0
8113,80,1,0.009242144,0
8445,80,1,0.02,8
8495,80,0,0.01,0
8762,80,1,0.02,14
8785,80,2,4.21,5
9008,80,1,0.02,7
9608,80,1,464.75,3
9772,80,1,1.68,0
10365,80,1,0.01,1
10427,80,2,0.15,5
10501,80,1,0.02,5
10876,80,1,52.09,1
11081,80,1,0.009242144,2
11090,80,0,0.01,0
11204,80,1,110.6,8
11232,80,1,5.5,10
11623,80,1,116.27,3
11724,80,2,6.87,0
11884,80,1,5.96,13
12136,80,1,4.83,3
12188,80,2,0.01,2
12294,80,1,0.009242144,11
12608,80,1,1.28,0
12620,80,1,41.23,2
12769,80,0,0.009242144,0
13170,80,1,125.84,0
13196,80,1,0.02,4
13386,80,1,6.72,4
13800,80,0,0.02,0
13836,80,1,230.75,2
13838,80,1,0.02,3
13853,80,1,0.02,1
13952,80,0,0.01,0
14075,80,1,0.01,5
14202,80,1,0.41,8
14335,80,1,0.01,2
14543,80,1,6.21,2
15138,80,1,0.27,2
15756,80,1,0.009242144,6
15936,80,1,1.83,4
16494,80,0,0.92,0
16771,80,1,116.27,0
16791,80,1,9.88,7
16825,80,2,5.03,7
16917,80,0,62.04,0
16973,80,1,20.34,0
17324,80,1,0.27,0
18014,80,0,0.01,0
19461,80,1,0.01,0
19500,80,1,0.37,0
19521,80,0,0.02,0
19783,80,1,0.01,0
19970,80,1,360.79,0
20065,80,0,0.01,1
21240,80,1,0.02,2
21526,80,1,23.25,6
22010,80,1,0.02,2
22024,80,1,0.02,6
22226,80,2,0.01,4
22809,80,0,0.02,0
23368,80,1,0.01,2
23505,80,2,12.63,6
23546,80,1,1.28,2
23901,80,1,0.71,1
23946,80,1,17.82,5
24029,80,0,0.02,0
24089,80,1,137.45,5
24279,80,1,0.37,3
24718,80,1,0.01,4
24862,80,0,0.01,0
25035,80,0,0.01,0
25755,80,0,0.01,0
25782,80,0,70.9,0
26117,80,1,0.008077544,1
26671,80,1,0.58,5
26829,80,1,0.01,0
27798,80,0,340.36,0
27814,80,1,290.69,5
27866,80,1,163.78,6
27946,80,0,0.02,0
28323,80,0,0.009242144,0
28925,80,1,859.1,10
29025,80,1,0.01,3
29800,80,1,19.16,2
39534,80,1,0.02,0
101741,80,2,8.45,0
102260,80,1,0.02,10
103032,80,1,0.01,2
103071,80,1,549.82,6
104654,80,1,7.68,6
105706,80,1,0.02,3
106602,80,1,0.01,4
106894,80,1,0.009242144,1
108054,80,1,0.01,4
109110,80,3,0.009242144,3
110849,80,1,0.01,4
400031,80,1,4.95,0
400469,80,1,2.32,0
400625,80,1,2.9,1
400627,80,1,8.14,0
400705,80,1,33.3,4
400781,80,1,97.35,0
400784,80,1,2.47,0
400820,80,1,103.55,0
400872,80,1,0.009242144,0
400914,80,1,6.35,0
400985,80,1,0.01,0
401001,80,1,17,0
401148,80,1,361.29,0
401155,80,1,43.44,0
401165,80,1,0.01,0
401174,80,1,4.21,0
401259,80,1,0.75,0
401313,80,1,0.55,0
401606,80,1,0.02,0
402054,80,1,51.16,0
402160,80,1,78.95,0
403028,80,1,920.35,0
403108,80,1,0.59,0
869,81,1,85.91,2
955,81,1,343.64,5
1248,81,1,30.92,12
2949,81,1,54.98,5
3010,81,1,618.55,6
7299,81,1,13.74,9
7566,81,2,31.58,5
7755,81,1,0.88,1
8234,81,2,0.4,8
8346,81,0,0.01,1
8384,81,0,26.16,0
8896,81,1,343.64,0
9161,81,1,10.83,2
9182,81,1,0.02,5
9693,81,1,6.55,1
9822,81,1,0.01,8
10074,81,1,29.72,5
10117,81,1,5.81,3
10500,81,1,0.02,10
10627,81,1,0.93,1
10945,81,1,171.82,0
11245,81,0,9.65,0
11295,81,1,73.31,1
11778,81,1,0.01,2
11950,81,1,196.54,1
12137,81,2,193.5,0
12186,81,1,0.02,10
12596,81,0,0.009242144,0
12603,81,1,0.01,5
12622,81,1,0.67,0
13764,81,1,17.93,11
14032,81,0,0.01,0
14829,81,1,0.01,3
14844,81,1,0.01,8
15536,81,1,72.7,5
15546,81,1,0.01,8
15911,81,1,412.37,3
16663,81,0,0.008077544,0
16737,81,1,882.85,0
16818,81,0,0.01,0
17220,81,1,204.69,0
17700,81,1,0.01,1
17856,81,1,0.009242144,6
18210,81,2,0.01,1
18228,81,1,5.1,3
18297,81,0,687.28,0
18640,81,1,101.74,6
18701,81,1,0.42,3
18858,81,1,0.01,5
19661,81,1,0.01,8
19712,81,0,0.02,0
20006,81,0,0.01,0
20166,81,2,17.46,1
20220,81,1,40.83,0
21164,81,1,37.67,0
21176,81,1,1647.57,3
21592,81,0,0.01,0
21738,81,1,0.01,0
21854,81,2,0.01,6
22789,81,1,0.01,5
23179,81,1,0.02,2
23211,81,1,16.09,9
23249,81,0,0.01,0
23309,81,2,0.17,3
23364,81,0,0.01,0
23880,81,1,0.009242144,0
23951,81,0,0.01,0
24346,81,1,0.03,3
24368,81,0,0.01,1
24398,81,1,0.009242144,0
24898,81,2,0.01,6
24974,81,1,0.02,1
25291,81,1,53.21,3
26170,81,1,0.009242144,3
26827,81,1,0.76,6
27568,81,2,0.01,2
28409,81,1,72.58,5
28524,81,1,0.01,6
28781,81,2,0.01,7
29502,81,1,0.01,0
29755,81,1,85.91,18
58546,81,0,0.01,0
100441,81,1,34.36,5
101214,81,1,48.1,11
105040,81,1,14.53,0
110912,81,1,0.060829493,8
400007,81,1,10.8,0
400306,81,1,18.77,0
400482,81,1,30.92,0
400632,81,1,52.32,0
400659,81,1,0.009242144,0
400685,81,1,31.58,5
400726,81,1,189.97,0
400790,81,1,730.62,11
400976,81,1,1.85,0
400990,81,1,277.9,0
401204,81,1,55.11,0
401514,81,1,0.01,0
401642,81,1,29.3,0
401924,81,1,64.25,0
403130,81,1,341.1,0
403196,81,1,0.01,9
403384,81,1,99.89,0
500055,81,1,87.2,4
7388,82,1,0.01,9
7416,82,1,0.009242144,0
7425,82,0,0.01,0
7908,82,0,0.01,0
7969,82,1,3.85,8
7989,82,0,22.12,0
8074,82,1,1.3,0
8097,82,1,0.01,4
8504,82,1,0.01,0
9376,82,1,85.91,7
9722,82,1,0.02,0
11361,82,1,0.2,2
11648,82,1,581.39,10
11961,82,2,0.02,3
12669,82,0,0.01,0
13332,82,1,0.01,4
13581,82,1,0.01,0
14715,82,0,0.01,0
15190,82,1,11.28,4
15692,82,1,1.1,5
16530,82,0,1.63,0
17234,82,1,0.01,5
17710,82,1,1.94,2
18222,82,1,10.83,2
18306,82,1,0.02,8
18338,82,2,20.91,0
18664,82,0,41.23,0
18769,82,1,211.28,10
19410,82,1,162.79,0
19488,82,1,0.02,0
19499,82,0,0.01,0
19763,82,2,4.63,7
20184,82,1,161.15,9
20210,82,1,0.01,2
21147,82,0,0.01,0
21253,82,0,6.87,0
21430,82,0,0.01,0
21545,82,1,53.26,0
22484,82,0,0.01,0
22581,82,1,0.01,2
23945,82,2,323.42,0
24033,82,0,32.53,0
24040,82,0,13.45,0
24094,82,1,37.03,8
24239,82,1,0.01,10
24453,82,1,2,1
24615,82,2,0.01,5
25674,82,1,54.98,2
25973,82,0,36.08,0
27266,82,0,1.45,0
27993,82,1,0.02,3
27994,82,1,0.01,0
28085,82,1,55.17,0
28157,82,0,0.01,0
28355,82,1,0.01,2
28530,82,1,0.01,2
28857,82,1,0.01,3
29444,82,1,154.63,0
29563,82,1,85.91,10
39372,82,1,0.01,3
100156,82,1,17.05,3
101102,82,2,13.74,8
101166,82,1,188.82,0
103658,82,1,240.54,8
103844,82,0,0.02,0
104083,82,1,0.01,1
104087,82,0,51.16,0
105104,82,2,21.36,2
108583,82,1,0.27,6
109030,82,1,1.58,2
110096,82,1,0.92,6
400467,82,1,4.48,0
400476,82,1,20.16,0
400681,82,1,0.49,2
400938,82,1,69.65,12
400941,82,1,10.94,0
400982,82,1,54.81,0
401168,82,1,27.88,0
401494,82,1,0.01,0
401836,82,1,5.15,0
401922,82,1,40.69,0
402162,82,1,93.25,0
402186,82,1,20.34,0
403000,82,1,0.01,4
403074,82,1,0.01,8
403336,82,1,272.65,0
403396,82,1,174.41,0
3700,83,1,171.82,9
6749,83,1,85.91,3
7563,83,1,174.41,9
7584,83,1,27.31,0
8115,83,0,11.48,0
8485,83,1,0.01,0
9119,83,1,13.05,3
9256,83,1,0.02,8
9379,83,1,189.57,9
9401,83,1,0.01,2
9771,83,1,0.02,0
10083,83,1,0.02,9
10532,83,2,0.01,3
11230,83,1,0.01,4
11560,83,2,0.009242144,1
11752,83,1,23.09,0
11885,83,1,4.31,2
12891,83,1,0.01,1
14474,83,1,0.01,1
14770,83,0,0.01,0
15414,83,1,4.88,1
15755,83,1,0.29,0
15948,83,1,0.01,2
16921,83,1,55.64,8
17655,83,2,0.01,4
18231,83,1,0.78,6
20890,83,1,0.01,7
21213,83,2,0.01,6
21861,83,1,0.01,5
21902,83,1,0.01,3
22157,83,1,0.01,8
22367,83,0,36.27,0
22606,83,1,2.88,6
22788,83,1,0.009242144,6
23216,83,1,0.01,2
23239,83,1,0.02,5
24329,83,1,523.25,1
24689,83,1,10.54,3
24710,83,2,0.68,4
24998,83,0,0.01,0
26284,83,1,2.09,3
26655,83,1,0.01,11
27530,83,1,71.17,0
28183,83,2,17.18,4
28263,83,1,28.18,10
28380,83,0,0.01,0
28874,83,0,22.36,0
29572,83,1,4.5,2
29592,83,2,61.85,9
29632,83,1,292.09,10
29669,83,2,61.98,8
29768,83,1,2.94,3
29971,83,1,27.49,7
73767,83,1,0.01,7
100706,83,1,206.18,3
100752,83,0,27.02,0
101925,83,1,0.34,5
103157,83,1,0.22,2
103770,83,1,195.68,11
104670,83,1,0.77,3
108492,83,1,0.01,7
400466,83,1,0.02,0
400614,83,1,57.39,0
400626,83,1,0.01,0
400791,83,1,46.7,0
400870,83,1,52.32,0
401097,83,1,47.72,0
401267,83,1,12.47,0
401780,83,1,0.008077544,0
401948,83,1,13.29,0
402042,83,1,65.62,4
402064,83,1,0.01,0
403128,83,1,388.66,0
403134,83,1,1202.74,0
7294,84,1,152.62,0
7470,84,0,0.01,1
7868,84,1,0.009242144,0
9145,84,1,4.05,0
9185,84,1,0.01,3
9435,84,1,10.54,9
9742,84,1,0.59,0
9913,84,2,6.84,2
10064,84,1,270.27,12
10132,84,0,0.01,0
10145,84,1,232.55,1
10148,84,1,30.46,6
10371,84,1,0.01,8
11082,84,2,0.76,7
11124,84,0,71.94,2
11125,84,1,181.08,6
11793,84,1,0.02,0
13578,84,1,0.01,2
14193,84,2,0.01,8
14204,84,1,0.01,4
14945,84,1,30.61,5
15264,84,1,2.07,5
16329,84,1,0.17,8
16799,84,1,2.94,4
17077,84,1,2.57,0
17101,84,1,0.01,4
17281,84,1,0.17,4
17296,84,1,0.02,3
17319,84,1,3.15,1
17953,84,2,0.01,0
19715,84,1,0.009242144,1
19818,84,1,0.009242144,3
20105,84,1,0.01,1
20453,84,1,0.01,2
20592,84,1,0.01,6
20738,84,1,0.58,5
21460,84,2,142.71,2
21869,84,2,0.01,8
21890,84,1,0.01,0
22910,84,1,1.43,6
23383,84,0,0.02,0
23809,84,1,0.02,4
24154,84,1,1.61,2
24367,84,1,0.01,4
24548,84,1,2.8,4
24554,84,1,4.17,2
24704,84,1,0.13,0
24856,84,1,0.01,1
25210,84,1,0.02,2
25983,84,1,72.43,2
26699,84,1,0.01,2
27469,84,1,52.36,3
28094,84,2,0.14,2
28143,84,2,0.01,4
28176,84,1,21,10
28333,84,0,0.01,2
28488,84,1,85.91,3
28839,84,1,12.5,0
28887,84,1,34.36,14
29904,84,1,0.05,4
100460,84,1,30.92,3
100787,84,1,206.18,7
100944,84,1,25.12,0
100980,84,1,4.49,3
101371,84,0,0.91,0
103986,84,1,0.01,1
400201,84,1,2.87,0
400307,84,1,4.71,0
400320,84,1,0.97,0
400403,84,1,4783.14,0
400504,84,1,7.98,0
400519,84,1,2.59,0
400670,84,1,1.72,0
400792,84,1,3.69,0
400811,84,1,7.48,0
400863,84,1,108.45,0
400874,84,1,22.76,0
401093,84,1,23.21,0
401348,84,1,19.78,0
402080,84,1,0.01,0
403114,84,1,21.97,8
403118,84,1,30.92,4
403450,84,1,5.24,0
1328,85,1,0.68,3
3079,85,1,343.64,4
6273,85,1,171.82,5
7203,85,0,0.02,0
7636,85,1,31.49,9
7651,85,2,1771.81,10
7909,85,2,0.01,8
8069,85,0,97.09,0
8106,85,1,0.86,4
8552,85,1,0.01,9
9000,85,0,0.009242144,0
9540,85,1,8.53,5
10482,85,0,0.01,0
10838,85,1,240.12,6
11467,85,0,25.23,0
12403,85,1,6.97,4
12481,85,1,11.62,0
12546,85,1,0.26,3
12871,85,2,2.46,3
13789,85,1,2.07,3
13955,85,1,11.59,4
14195,85,0,0.01,0
14454,85,1,0.02,8
14558,85,1,43.51,3
14887,85,1,0.01,7
15087,85,1,49.21,6
15323,85,2,2.65,1
15744,85,0,55.06,0
16959,85,1,54.98,1
17332,85,1,152.98,0
17943,85,1,8.72,2
18241,85,1,0.01,8
18931,85,1,0.02,10
19263,85,0,0.01,0
19283,85,0,0.01,0
19360,85,2,1.52,1
20222,85,1,11.37,2
21578,85,2,58.63,1
21614,85,0,0.02,0
21824,85,1,0.02,3
22199,85,2,6.83,4
22391,85,0,309.27,0
23869,85,3,0.01,6
24237,85,0,11.62,0
24963,85,2,1.43,9
26523,85,0,11.4,0
26835,85,1,0.02,4
27144,85,2,0.59,6
27562,85,1,0.01,4
28364,85,0,0.01,1
28881,85,1,1030.92,5
29748,85,0,22.54,0
101043,85,1,4.97,5
101301,85,1,6.06,0
102035,85,1,137.45,6
103838,85,2,17.18,5
108162,85,1,0.01,8
400195,85,1,0.008077544,0
400615,85,1,0.41,0
400725,85,1,15.56,0
400822,85,1,729.84,0
401071,85,1,0.62,0
401167,85,1,44.95,0
401260,85,1,0.02,0
401484,85,1,14.1,0
403288,85,1,0.02,0
403410,85,1,4.87,0
404000,85,2,3.348949919,0
500204,85,1,63.4,4
7968,86,1,4.79,0
8117,86,1,0.02,10
8383,86,0,315.02,0
9001,86,1,0.01,0
9548,86,1,43.17,2
10322,86,1,174.41,6
11747,86,0,58.13,1
11960,86,0,0.009242144,0
12366,86,0,66.74,0
12639,86,1,0.1,6
12904,86,0,30.81,0
13277,86,1,1453.48,0
13395,86,0,0.01,0
13843,86,1,0.01,7
13846,86,1,0.02,6
14695,86,1,0.009242144,0
14937,86,1,1.47,12
16177,86,0,14.53,0
16641,86,1,0.01,0
16714,86,1,0.03,4
19362,86,2,0.02,1
20956,86,1,687.28,8
21278,86,0,4.14,0
21420,86,1,0.02,0
21713,86,1,5.61,2
21817,86,2,0.01,1
22620,86,1,4.77,7
23198,86,1,39.78,4
23386,86,0,0.01,0
24017,86,2,4.08,0
24183,86,1,496.07,9
24251,86,1,5.38,4
24424,86,0,0.01,5
24468,86,1,61.85,0
24825,86,0,0.01,0
24874,86,1,0.01,5
25036,86,0,0.01,6
25047,86,1,0.02,4
25085,86,1,0.01,3
25900,86,0,0.01,0
25977,86,0,13.5,0
27458,86,1,0.02,3
28586,86,1,1.71,6
29449,86,1,0.01,4
100645,86,1,274.91,2
103178,86,1,18.89,0
104633,86,1,26.16,9
400394,86,1,4.06,0
400561,86,1,0.34,0
400651,86,1,1.35,0
400777,86,1,10.41,5
400889,86,1,9.94,0
400961,86,1,40.59,0
401014,86,1,56.86,0
401160,86,1,14.86,0
401192,86,1,85.91,1
401746,86,1,72.67,0
401758,86,1,13.08,0
401996,86,1,549.82,3
402182,86,1,56.02,0
403371,86,1,157.45,0
2933,87,1,68.72,4
3548,87,2,48.1,5
7381,87,1,28.36,0
9031,87,0,0.01,0
9075,87,1,1.56,0
9731,87,1,85.91,1
9770,87,0,0.02,0
10681,87,1,2.95,0
12662,87,1,0.01,5
13045,87,2,0.78,0
13766,87,1,0.27,5
14587,87,1,10.58,0
16844,87,1,74.32,6
17298,87,2,3.94,3
18059,87,0,0.01,0
18211,87,1,3.65,3
19944,87,1,0.01,0
22102,87,1,8.72,10
23968,87,1,171.82,0
24351,87,2,0.01,6
24380,87,2,0.02,3
25678,87,1,296.15,7
25825,87,1,37.69,4
26016,87,1,21.39,2
27068,87,1,40.69,4
28241,87,1,145.34,0
28391,87,0,0.01,0
28888,87,1,130.81,1
29653,87,1,0.01,7
29804,87,1,260.43,1
29901,87,1,154.63,6
101704,87,1,41.23,7
107015,87,1,1.16,3
400440,87,1,39.45,0
400557,87,1,5.21,0
400647,87,1,7.38,0
400896,87,1,1.95,7
401690,87,1,309.27,0
8232,88,1,58.29,5
9567,88,1,21.67,2
9583,88,1,33.3,5
9660,88,0,0.02,0
11739,88,0,0.01,0
14741,88,1,0.01,3
14917,88,1,1627.9,0
17253,88,0,174.41,0
18955,88,1,137.98,9
19419,88,1,65.82,1
19678,88,1,33.07,3
20254,88,1,0.02,10
21114,88,1,41.23,2
21880,88,1,0.009242144,0
21915,88,2,0.91,0
22207,88,1,13.93,8
24707,88,1,1.17,4
25912,88,1,4.82,3
26561,88,2,32.98,2
27071,88,1,0.08,1
27098,88,0,0.2,1
27332,88,2,137.45,2
27355,88,2,0.02,1
27365,88,1,0.01,6
27804,88,0,23.88,0
28901,88,0,85.91,0
29619,88,1,1718.21,2
29741,88,1,34.36,5
101296,88,1,30.38,0
101365,88,1,13.71,0
104281,88,1,251.31,2
400447,88,1,0.01,0
400750,88,1,87.2,0
401052,88,1,10.11,0
3214,89,1,6.87,8
7544,89,0,0.01,0
7951,89,1,0.01,4
10342,89,0,1.69,0
10949,89,1,3.04,2
11440,89,1,118.3,1
12194,89,1,0.009242144,3
14786,89,1,1.59,8
14810,89,0,6.7,0
15096,89,2,21.1,5
15248,89,0,0.02,0
15417,89,0,9.3,0
16370,89,1,21.03,7
17085,89,1,235.99,3
17307,89,1,2.18,4
17955,89,1,0.02,4
18234,89,1,1.41,6
19386,89,0,17.44,0
19795,89,1,2.66,0
20954,89,1,13.48,3
21353,89,1,0.02,2
21851,89,0,5.27,0
22394,89,0,47.94,0
22787,89,1,106.37,4
23872,89,2,0.01,7
23886,89,1,0.36,3
24254,89,1,25.29,3
24444,89,1,2.15,2
24854,89,1,1.31,4
28359,89,1,19.72,0
101046,89,0,55.17,0
400352,89,1,0.67,0
400653,89,1,21.41,0
7297,90,1,0.17,2
7588,90,1,5.1,3
8078,90,1,3.43,1
8244,90,0,0.01,0
8807,90,1,0.004846527,6
9769,90,1,3.02,13
10835,90,1,274.91,5
11146,90,0,868.2,0
11186,90,1,14.53,5
13839,90,1,0.3,7
14267,90,3,2048.37,15
17881,90,0,0.01,0
18727,90,1,0.01,0
19384,90,1,20.61,5
19429,90,1,687.28,1
21918,90,1,0.01,6
23978,90,1,54.98,8
24437,90,3,0.01,4
26260,90,1,48.54,1
27115,90,1,2.9,1
101743,90,1,3.8,0
103856,90,1,3,4
400257,90,1,19.02,0
400340,90,1,50.26,0
400506,90,1,29.56,0
400577,90,1,54.98,0
400836,90,1,0.93,0
400857,90,1,8.38,0
401216,90,1,5.46,0
401708,90,1,171.82,0
402001,90,1,549.82,0
402066,90,1,25.5,0
9439,91,1,1.71,3
10158,91,1,1.1,4
10499,91,1,0.01,3
12399,91,1,1.58,2
12902,91,1,0.01,1
13537,91,1,0.01,0
15604,91,0,0.02,0
17310,91,1,0.02,3
17706,91,1,550.3,2
19356,91,0,27.09,0
22000,91,1,6.19,5
25016,91,1,0.02,5
25877,91,1,0.55,5
28838,91,1,0.01,0
101305,91,1,0.03,0
104078,91,0,0.14,0
108566,91,1,0.02,8
110848,91,1,0.024077047,0
400102,91,1,76.17,0
400518,91,1,174.41,0
400875,91,1,77.22,0
401034,91,1,568.13,0
401101,91,1,212.74,0
10128,92,0,0.01,0
15245,92,1,32.59,6
17562,92,1,0.12,3
19404,92,1,7.91,10
19446,92,0,0.01,0
21279,92,0,120.27,0
22356,92,1,121.63,7
23228,92,1,0.54,1
23867,92,3,17.97,3
25889,92,1,130.05,5
400602,92,1,18.99,0
402038,92,1,21.53,2
9046,93,1,0.17,6
9340,93,1,8.88,5
11261,93,1,2.6,4
17841,93,1,0.02,2
19378,93,1,0.01,3
20600,93,2,0.02,2
21515,93,1,2.32,0
22328,93,1,3.12,10
26525,93,1,20.51,4
28584,93,1,27.52,3
100716,93,1,20.61,9
400475,93,1,55.2,0
400521,93,1,523.25,0
401842,93,1,22.21,0
10516,94,1,0.37,6
18301,94,2,1.67,1
19979,94,2,16.32,1
21173,94,1,3.69,9
24429,94,1,11.47,4
25830,94,1,0.01,0
400830,94,1,0.59,0
16373,95,1,0.01,0
20199,95,1,214.75,0
23194,95,1,103.09,9
24555,95,1,0.01,0
400477,95,1,12.46,0
400945,95,1,2.74,0
13653,96,1,0.02,6
400754,96,1,0.02,0
402264,96,1,34.88,0
24050,97,0,0.009242144,0
25812,97,1,8.94,3
26845,97,0,0.01,0
7572,98,1,0.01,3
9042,98,1,285.38,0
27090,98,1,0.7,1
400598,98,1,131.3,0
403102,98,1,0.02,0
24709,100,1,1.24,2
25892,101,0,870.74,0
