id,grasen,AOD,Nmarr,evermarried,Nsur15,SES
31669,0,80,2,1,2,4
115774,0,80,1,1,5,4
56859,0,78,1,1,3,4
45053,0,78,1,1,4,4
111982,0,61,1,1,4,4
108832,0,69,1,1,5,4
207,0,74,1,1,3,4
62349,0,72,2,1,3,4
102484,0,36,1,1,0,4
61835,0,61,2,1,4,4
42273,0,36,1,1,3,4
113953,0,76,1,1,3,4
59650,0,48,1,1,4,4
12375,0,69,1,1,4,4
105221,0,67,1,1,1,4
117936,0,79,1,1,6,4
57189,0,66,2,1,9,4
18503,0,65,1,1,5,4
100371,0,66,1,1,7,4
49736,0,75,1,1,2,4
37958,0,45,1,1,1,4
109474,0,79,1,1,6,4
62766,0,34,1,1,1,4
104798,0,79,2,1,0,4
16890,0,61,1,1,2,4
14975,0,82,1,1,6,4
10739,0,42,1,1,5,4
106007,0,45,1,1,5,4
16485,0,35,1,1,2,4
108799,0,67,1,1,1,4
116790,0,65,1,1,4,4
32334,0,89,3,1,4,4
117241,0,48,1,1,1,4
113109,0,53,1,1,6,4
30738,0,30,1,1,1,4
14371,0,51,1,1,2,4
54981,0,66,1,1,9,4
17762,0,72,1,1,6,4
106564,0,64,2,1,7,4
10046,0,47,2,1,4,4
20434,0,62,1,1,6,4
35525,0,42,1,1,4,4
47778,0,79,1,1,2,4
10797,0,67,2,1,5,4
103713,0,29,1,1,1,4
100848,0,73,2,1,0,4
31423,0,65,2,1,1,4
27060,0,51,2,1,7,4
100633,0,80,1,1,0,4
105521,0,51,2,1,2,4
36283,0,56,1,1,0,4
4426,0,81,1,1,1,4
9613,0,57,3,1,5,4
65499,0,48,1,1,4,4
32897,0,31,1,1,0,4
14616,0,54,1,1,4,4
21049,0,77,1,1,2,4
107821,0,80,2,1,5,4
109201,0,78,2,1,0,4
16957,0,70,1,1,6,4
108724,0,72,1,1,6,4
41464,0,55,2,1,7,4
44088,0,74,2,1,1,4
18547,0,41,1,1,4,4
110592,0,74,1,1,3,4
12764,0,55,1,1,4,4
104198,0,51,1,1,5,4
19835,0,74,1,1,2,4
104799,0,89,2,1,5,4
57542,0,39,1,1,3,4
7424,0,90,1,1,3,4
17792,0,65,1,1,1,4
43552,0,70,2,1,7,4
46504,0,80,2,1,2,4
71527,0,67,1,1,4,4
11429,0,64,2,1,2,4
100736,0,68,1,1,4,4
61350,0,74,1,1,9,4
31364,0,72,1,1,3,4
109578,0,60,1,1,2,4
108010,0,70,1,1,6,4
2012,0,72,1,1,3,4
35327,0,63,2,1,1,4
101805,0,75,1,1,3,4
3572,0,63,1,1,6,4
11105,0,60,2,1,7,4
58665,0,68,1,1,9,4
12352,0,61,1,1,3,4
30029,0,77,1,1,5,4
32771,0,64,2,1,6,4
50559,0,72,1,1,1,4
71620,0,71,1,1,2,4
427,0,70,1,1,2,4
29039,0,47,1,1,5,4
10334,0,51,3,1,7,4
106152,0,80,3,1,9,4
16993,0,62,1,1,5,4
65825,0,49,1,1,1,4
102987,0,78,1,1,4,4
7811,0,64,1,1,3,4
115504,0,66,1,1,3,4
18722,0,47,1,1,6,4
118355,0,92,1,1,7,4
100526,0,50,1,1,2,4
110369,0,74,1,1,2,4
44777,0,53,1,1,4,4
32322,0,71,1,1,3,4
113732,0,85,2,1,4,4
19409,0,51,1,1,5,4
13779,0,69,1,1,3,4
71194,0,68,1,1,3,4
104616,0,74,1,1,5,4
99644,0,62,1,1,4,4
71464,0,77,1,1,6,4
7910,0,85,1,1,6,4
13760,0,72,2,1,0,4
104476,0,89,1,1,0,4
58688,0,46,1,1,2,4
61502,0,50,1,1,2,4
51380,0,54,1,1,8,4
29625,0,50,2,1,3,4
60167,0,72,1,1,3,4
32480,0,52,1,1,6,4
44789,0,69,1,1,1,4
75504,0,59,3,1,2,4
32602,0,63,1,1,3,4
32296,0,83,1,1,2,4
44420,0,65,1,1,4,4
54270,0,72,1,1,6,4
34027,0,67,1,1,0,4
51679,0,84,1,1,3,4
11227,0,62,2,1,5,4
107604,0,77,2,1,4,4
13455,0,58,1,1,2,4
116997,0,76,1,1,4,4
12586,0,73,2,1,4,4
118025,0,68,1,1,5,4
19885,0,76,1,1,0,4
50316,0,63,1,1,7,4
26775,0,67,2,1,5,4
4728,0,60,1,1,1,4
8092,0,83,1,1,3,4
53105,0,70,1,1,3,4
37158,0,71,1,1,4,4
67871,0,62,1,1,2,4
105891,0,49,1,1,4,4
18886,0,47,1,1,1,4
106519,0,53,1,1,4,4
55610,0,61,2,1,8,4
80283,0,47,2,1,3,4
110031,0,56,1,1,1,4
9800,0,60,3,1,5,4
16917,0,45,1,1,1,4
112959,0,54,1,1,1,4
74743,0,47,1,1,0,4
42708,0,55,1,1,3,4
35580,0,43,1,1,3,4
37197,0,79,1,1,5,4
35554,0,75,2,1,0,4
36499,0,65,1,1,6,4
46131,0,79,1,1,0,4
104860,0,84,2,1,4,4
112914,0,61,1,1,8,4
47497,0,84,2,1,2,4
59753,0,66,1,1,2,4
1414,0,60,1,1,8,4
51455,0,86,2,1,6,4
58153,0,48,1,1,2,4
59321,0,40,1,1,4,4
46605,0,46,1,1,3,4
37294,0,66,1,1,5,4
29058,0,72,1,1,5,4
47784,0,42,1,1,2,4
54911,0,45,1,1,3,4
37654,0,56,1,1,2,4
114027,0,74,1,1,2,4
20096,0,80,2,1,1,4
27694,0,74,1,1,3,4
5183,0,83,1,1,4,4
109310,0,61,1,1,7,4
33489,0,40,1,1,2,4
45567,0,69,1,1,3,4
41174,0,55,1,1,2,4
11614,0,70,1,1,6,4
50564,0,67,2,1,5,4
110672,0,87,2,1,4,4
32281,0,64,1,1,1,4
71993,0,50,1,1,4,4
37076,0,73,2,1,5,4
21072,0,66,1,1,9,4
19387,0,64,1,1,2,4
62209,0,26,1,1,0,4
112358,0,54,1,1,3,4
108817,0,76,1,1,0,4
48156,0,75,1,1,3,4
71988,0,74,1,1,5,4
36397,0,69,1,1,3,4
57541,0,38,2,1,2,4
116003,0,62,1,1,3,4
105090,0,40,1,1,0,4
78027,0,75,2,1,6,4
36142,0,76,1,1,6,4
99444,0,55,1,1,4,4
64364,0,70,2,1,3,4
34926,0,58,2,1,3,4
33817,0,67,1,1,1,4
101817,0,72,1,1,3,4
106437,0,50,1,1,3,4
30988,0,79,1,1,2,4
2236,0,51,2,1,4,4
20334,0,62,1,1,8,4
62681,0,63,1,1,6,4
20293,0,59,1,1,3,4
39931,0,29,1,1,2,4
1924,0,62,1,1,4,4
29306,0,36,2,1,4,4
28580,0,83,1,1,8,4
56212,0,54,1,1,2,4
111796,0,63,1,1,5,4
102822,0,66,1,1,5,4
19505,0,38,1,1,6,4
10633,0,64,1,1,5,4
100213,0,78,1,1,0,4
28874,0,68,2,1,8,4
29686,0,41,1,1,4,4
44652,0,80,1,1,4,4
39933,0,49,1,1,6,4
36631,0,70,2,1,7,4
115897,0,74,1,1,3,4
54554,0,36,1,1,4,4
100177,0,78,2,1,3,4
29624,0,61,2,1,7,4
17405,0,56,2,1,6,4
114793,0,45,2,1,4,4
58738,0,42,2,1,3,4
71094,0,31,1,1,2,4
20781,0,48,1,1,2,4
27848,0,81,1,1,0,4
11601,0,43,1,1,0,4
29080,0,74,1,1,6,4
30216,0,40,2,1,5,4
33826,0,59,1,1,7,4
35759,0,51,2,1,0,4
71414,0,57,3,1,3,4
33713,0,83,1,1,1,4
64694,0,61,1,1,1,4
107029,0,41,1,1,2,4
99441,0,72,1,1,4,4
73409,0,81,2,1,7,4
72020,0,89,3,1,4,4
24790,0,89,1,1,5,4
49555,0,73,1,1,5,4
16368,0,57,1,1,8,4
117291,0,56,1,1,6,4
26367,0,72,1,1,3,4
99342,0,71,1,1,0,4
118528,0,49,1,1,3,4
71965,0,76,1,1,3,4
110809,0,84,1,1,4,4
18777,0,40,1,1,3,4
47446,0,77,1,1,1,4
7034,0,51,1,1,3,4
40875,0,55,2,1,3,4
108833,0,63,1,1,6,4
7486,0,72,1,1,8,4
13757,0,73,1,1,5,4
11910,0,48,3,1,5,4
7897,0,55,1,1,4,4
43929,0,63,1,1,3,4
20287,0,38,1,1,1,4
35535,0,39,1,1,0,4
106961,0,76,2,1,5,4
110343,0,68,2,1,5,4
23720,0,82,1,1,0,4
114081,0,57,1,1,5,4
113431,0,70,1,1,2,4
35738,0,68,1,1,5,4
13657,0,71,1,1,4,4
39081,0,48,1,1,1,4
40246,0,69,1,1,4,4
107232,0,53,2,1,5,4
72262,0,90,1,1,4,4
12255,0,69,1,1,0,4
23573,0,73,1,1,7,4
100882,0,80,2,1,0,4
35536,0,75,1,1,6,4
18268,0,88,2,1,2,4
78284,0,86,3,1,4,4
10899,0,69,1,1,4,4
19779,0,63,1,1,5,4
41728,0,66,3,1,3,4
39927,0,61,1,1,4,4
32903,0,69,2,1,6,4
35249,0,56,2,1,4,4
49962,0,55,3,1,2,4
44433,0,71,1,1,3,4
63175,0,56,1,1,5,4
52874,0,35,1,1,2,4
16681,0,61,1,1,2,4
36078,0,68,1,1,3,4
20607,0,71,2,1,2,4
105688,0,60,1,1,4,4
12512,0,61,1,1,4,4
111052,0,47,1,1,3,4
35739,0,58,1,1,6,4
107623,0,78,2,1,5,4
36062,0,67,2,1,4,4
6080,0,75,1,1,2,4
52786,0,78,1,1,3,4
22304,0,69,1,1,6,4
17022,0,65,3,1,6,4
39817,0,71,2,1,2,4
71742,0,72,2,1,4,4
17948,0,76,2,1,5,4
118530,0,55,1,1,3,4
111102,0,59,2,1,7,4
102736,0,70,1,1,7,4
36108,0,89,2,1,6,4
109234,0,71,1,1,6,4
58378,0,81,1,1,2,4
38371,0,30,1,1,1,4
101223,0,71,1,1,3,4
103110,0,71,5,1,2,4
64019,0,56,1,1,1,4
37972,0,76,1,1,2,4
14553,0,56,1,1,5,4
20524,0,50,1,1,4,4
40545,0,77,1,1,4,4
37807,0,61,1,1,4,4
37308,0,34,1,1,2,4
27681,0,85,1,1,12,4
103816,0,57,1,1,4,4
73599,0,44,3,1,8,4
35751,0,49,1,1,4,4
33880,0,81,3,1,8,4
29013,0,77,1,1,3,4
12701,0,79,1,1,2,4
27993,0,55,2,1,8,4
45269,0,49,1,1,0,4
34993,0,55,1,1,7,4
46602,0,72,1,1,4,4
28913,0,38,1,1,3,4
34340,0,79,1,1,3,4
41207,0,73,1,1,2,4
19417,0,42,1,1,2,4
18033,0,74,1,1,4,4
36276,0,58,1,1,3,4
20458,0,56,1,1,4,4
26971,0,74,1,1,5,4
14939,0,46,1,1,4,4
99922,0,65,1,1,5,4
5646,0,60,1,1,5,4
71180,0,54,2,1,3,4
114560,0,52,1,1,5,4
63819,0,71,1,1,7,4
36365,0,77,1,1,7,4
19131,0,56,1,1,3,4
53467,0,57,2,1,3,4
34992,0,68,1,1,4,4
16249,0,40,1,1,5,4
42384,0,79,2,1,4,4
19634,0,83,1,1,2,4
46962,0,60,1,1,5,4
17568,0,47,1,1,4,4
68139,0,47,1,1,1,4
44699,0,63,1,1,8,4
105924,0,77,1,1,0,4
112274,0,70,1,1,2,4
15961,0,82,1,1,1,4
27321,0,60,2,1,8,4
16220,0,66,1,1,4,4
19192,0,68,1,1,5,4
45872,0,59,1,1,1,4
5589,0,78,1,1,1,4
45879,0,73,1,1,0,4
43804,0,56,2,1,5,4
115971,0,76,1,1,8,4
73986,0,59,1,1,2,4
3562,0,64,1,1,2,4
117996,0,62,1,1,5,4
35534,0,63,1,1,4,4
71315,0,63,2,1,4,4
20113,0,58,1,1,6,4
104118,0,71,1,1,3,4
32313,0,50,1,1,3,4
54186,0,53,1,1,4,4
109989,0,47,1,1,7,4
23636,0,81,1,1,3,4
46964,0,62,1,1,5,4
41205,0,69,1,1,3,4
54552,0,72,1,1,3,4
77613,0,53,2,1,5,4
5590,0,76,1,1,0,4
115761,0,83,1,1,5,4
11938,0,82,2,1,2,4
71380,0,59,1,1,0,4
110208,0,73,2,1,5,4
118548,0,79,1,1,4,4
23077,0,64,1,1,4,4
102084,0,66,2,1,6,4
52851,0,62,2,1,2,4
111730,0,78,1,1,0,4
34375,0,61,1,1,2,4
1382,0,68,2,1,4,4
36494,0,69,1,1,5,4
55743,0,46,1,1,5,4
60831,0,66,1,1,7,4
25234,0,53,2,1,2,4
35100,0,74,1,1,2,4
106327,0,60,1,1,0,4
31329,0,66,2,1,3,4
36500,0,36,1,1,1,4
99676,0,56,1,1,8,4
1072,0,73,1,1,5,4
65080,0,44,3,1,5,4
29449,0,54,1,1,4,4
104772,0,75,1,1,5,4
20810,0,79,1,1,1,4
12637,0,74,2,1,0,4
50320,0,46,1,1,0,4
110425,0,53,1,1,3,4
101794,0,60,1,1,4,4
54592,0,65,1,1,7,4
100055,0,81,2,1,8,4
67154,0,72,2,1,1,4
37073,0,78,2,1,5,4
107275,0,64,2,1,6,4
55170,0,56,1,1,2,4
21081,0,65,1,1,2,4
116215,0,77,1,1,13,4
17920,0,29,1,1,2,4
17655,0,37,1,1,6,4
73834,0,69,1,1,4,4
14978,0,77,1,1,4,4
52923,0,54,1,1,7,4
105490,0,40,1,1,2,4
60313,0,40,1,1,1,4
21622,0,60,3,1,3,4
17919,0,70,1,1,4,4
39007,0,69,1,1,2,4
18374,0,64,1,1,6,4
19223,0,73,1,1,5,4
102008,0,43,1,1,3,4
25608,0,80,1,1,4,4
71580,0,65,1,1,3,4
33201,0,55,1,1,5,4
19373,0,66,1,1,1,4
25304,0,66,1,1,4,4
103022,0,70,1,1,4,4
47582,0,48,1,1,7,4
53688,0,62,1,1,0,4
115851,0,43,2,1,1,4
30873,0,41,1,1,5,4
36248,0,81,1,1,6,4
56143,0,37,1,1,4,4
113268,0,59,1,1,6,4
102385,0,83,3,1,1,4
1873,0,53,1,1,3,4
8003,0,41,1,1,3,4
38011,0,85,1,1,7,4
61335,0,74,4,1,2,4
50458,0,72,1,1,5,4
107799,0,78,1,1,5,4
36144,0,56,1,1,7,4
34693,0,50,1,1,6,4
114714,0,74,1,1,6,4
19430,0,46,1,1,1,4
110481,0,67,1,1,2,4
10227,0,50,2,1,6,4
44005,0,69,1,1,7,4
99702,0,84,1,1,7,4
25825,0,68,1,1,3,4
27577,0,55,1,1,1,4
34456,0,65,1,1,2,4
106562,0,59,1,1,5,4
35947,0,79,1,1,4,4
11226,0,58,1,1,0,4
44007,0,80,2,1,4,4
23056,0,60,1,1,5,4
10750,0,49,1,1,3,4
25464,0,76,1,1,3,4
58554,0,71,2,1,1,4
110066,0,43,1,1,2,4
35259,0,47,1,1,0,4
35760,0,60,1,1,4,4
71829,0,61,1,1,6,4
16436,0,71,1,1,3,4
25094,0,43,1,1,5,4
66855,0,81,2,1,3,4
71672,0,70,2,1,7,4
4221,0,72,1,1,3,4
10821,0,58,2,1,7,4
71911,0,55,1,1,3,4
52849,0,69,1,1,3,4
18432,0,77,1,1,8,4
15580,0,74,2,1,4,4
53544,0,39,1,1,1,4
112973,0,81,1,1,5,4
6944,0,76,1,1,2,4
38370,0,73,1,1,4,4
63821,0,62,1,1,0,4
12509,0,81,1,1,5,4
39695,0,38,1,1,3,4
25735,0,75,1,1,3,4
37624,0,85,1,1,0,4
99969,0,63,1,1,4,4
20964,0,54,1,1,3,4
101666,0,78,1,1,1,4
20209,0,92,1,1,5,4
51410,0,70,2,1,4,4
9286,0,46,1,1,3,4
101844,0,73,2,1,3,4
44949,0,59,2,1,3,4
108763,0,70,1,1,3,4
39599,0,74,1,1,3,4
7988,0,73,1,1,3,4
27914,0,48,1,1,2,4
35470,0,73,1,1,7,4
35623,0,49,1,1,5,4
19840,0,65,1,1,3,4
35148,0,34,1,1,1,4
27320,0,68,1,1,2,4
115676,0,60,1,1,7,4
47365,0,42,1,1,2,4
40305,0,61,2,1,3,4
103884,0,77,3,1,5,4
11555,0,54,1,1,4,4
111429,0,66,1,1,6,4
118622,0,52,1,1,6,4
45916,0,45,1,1,2,4
4931,0,45,1,1,2,4
35745,0,57,2,1,7,4
61424,0,72,1,1,3,4
32294,0,52,1,1,5,4
71918,0,28,1,1,2,4
36633,0,75,1,1,3,4
39074,0,77,1,1,6,4
99493,0,72,1,1,1,4
116557,0,59,1,1,1,4
112549,0,64,2,1,1,4
10430,0,53,1,1,6,4
29011,0,81,1,1,2,4
7427,0,52,1,1,2,4
109244,0,63,1,1,4,4
12780,0,75,1,1,2,4
6135,0,67,1,1,1,4
46561,0,76,1,1,4,4
26031,0,80,1,1,3,4
116027,0,73,1,1,2,4
18743,0,69,1,1,6,4
106319,0,42,1,1,4,4
62222,0,69,1,1,3,4
50432,0,52,1,1,5,4
104489,0,67,1,1,1,4
12354,0,40,1,1,0,4
27535,0,70,1,1,2,4
17782,0,79,1,1,9,4
38062,0,63,1,1,5,4
24805,0,67,3,1,2,4
9086,0,66,1,1,4,4
38802,0,66,1,1,3,4
36274,0,40,1,1,2,4
74407,0,67,2,1,4,4
106673,0,71,1,1,4,4
71279,0,79,1,1,6,4
50443,0,55,1,1,4,4
108170,0,65,1,1,1,4
105889,0,80,1,1,7,4
114839,0,72,1,1,0,4
25962,0,86,1,1,7,4
35817,0,77,1,1,4,4
117036,0,56,1,1,7,4
22738,0,52,1,1,1,4
103916,0,77,1,1,8,4
102129,0,83,1,1,6,4
103519,0,77,2,1,5,4
74168,0,64,2,1,3,4
111114,0,54,2,1,5,4
20135,0,58,1,1,5,4
4661,0,72,1,1,4,4
7804,0,54,1,1,4,4
36243,0,66,1,1,4,4
37614,0,80,1,1,6,4
36029,0,61,1,1,8,4
18112,0,89,1,1,0,4
42251,0,31,1,1,1,4
111966,0,57,1,1,5,4
110008,0,47,1,1,5,4
25895,0,58,1,1,1,4
13157,0,80,1,1,6,4
71456,0,81,1,1,4,4
5377,0,64,1,1,4,4
28734,0,85,1,1,3,4
113083,0,67,1,1,3,4
43216,0,64,2,1,7,4
26737,0,59,1,1,4,4
113123,0,78,1,1,4,4
114097,0,74,1,1,0,4
44568,0,77,1,1,3,4
34211,0,76,1,1,3,4
35270,0,55,1,1,2,4
32737,0,73,3,1,3,4
8010,0,53,2,1,4,4
102446,0,71,1,1,8,4
42174,0,38,1,1,3,4
113999,0,54,1,1,0,4
31927,0,67,1,1,1,4
102913,0,64,3,1,1,4
55407,0,61,3,1,5,4
53371,0,68,2,1,5,4
13842,0,56,2,1,7,4
50648,0,78,3,1,7,4
67813,0,84,1,1,7,4
52872,0,42,1,1,3,4
1605,0,46,2,1,5,4
21426,0,80,2,1,3,4
109796,0,56,2,1,3,4
40877,0,42,1,1,1,4
37286,0,51,1,1,0,4
51683,0,53,1,1,5,4
38907,0,60,1,1,4,4
18087,0,64,1,1,3,4
35749,0,81,1,1,4,4
38791,0,56,1,1,0,4
31569,0,38,1,1,5,4
62771,0,50,1,1,6,4
103860,0,67,2,1,3,4
41272,0,59,1,1,2,4
72022,0,74,1,1,5,4
64984,0,48,1,1,4,4
5609,0,79,1,1,3,4
37107,0,61,2,1,6,4
108330,0,55,1,1,3,4
6741,0,34,1,1,1,4
104777,0,68,2,1,5,4
37605,0,65,2,1,9,4
36599,0,48,2,1,5,4
42491,0,55,1,1,0,4
39089,0,37,1,1,4,4
5289,0,58,1,1,2,4
32573,0,67,2,1,3,4
60649,0,54,1,1,1,4
44918,0,35,1,1,2,4
65444,0,70,1,1,7,4
8535,0,75,2,1,7,4
25695,0,78,1,1,2,4
71216,0,62,1,1,7,4
64403,0,70,2,1,5,4
64827,0,55,1,1,5,4
5586,0,84,1,1,3,4
45515,0,64,1,1,2,4
50509,0,56,1,1,0,4
37971,0,49,1,1,3,4
37934,0,77,1,1,2,4
19124,0,36,1,1,4,4
62672,0,54,1,1,3,4
71694,0,63,1,1,8,4
71715,0,74,1,1,0,4
101688,0,75,1,1,4,4
7075,0,76,1,1,3,4
72138,0,55,1,1,4,4
36374,0,55,1,1,1,4
46940,0,81,2,1,6,4
64188,0,84,2,1,7,4
33075,0,81,2,1,2,4
109245,0,64,1,1,0,4
118163,0,56,1,1,0,4
18607,0,47,1,1,3,4
49651,0,61,1,1,9,4
15156,0,67,1,1,4,4
8668,0,82,1,1,2,4
102555,0,77,1,1,1,4
108762,0,74,2,1,6,4
71354,0,44,1,1,2,4
11790,0,43,1,1,4,4
16258,0,77,3,1,4,4
62955,0,62,1,1,8,4
118274,0,73,1,1,3,4
48141,0,50,1,1,4,4
58847,0,66,1,1,4,4
17781,0,51,2,1,3,4
13956,0,81,1,1,7,4
6945,0,72,1,1,4,4
106457,0,52,2,1,5,4
27406,0,42,2,1,3,4
34830,0,37,2,1,2,4
6039,0,68,1,1,7,4
35023,0,39,1,1,4,4
37672,0,59,1,1,5,4
35578,0,68,1,1,5,4
39442,0,78,2,1,3,4
22284,0,64,1,1,0,4
40906,0,66,2,1,7,4
40174,0,91,1,1,5,4
113255,0,36,1,1,3,4
932,0,68,1,1,6,4
44430,0,73,1,1,9,4
11565,0,43,1,1,3,4
35741,0,64,1,1,3,4
46810,0,63,2,1,4,4
66516,0,55,1,1,5,4
38368,0,52,1,1,4,4
8168,0,58,1,1,1,4
55085,0,55,1,1,4,4
108974,0,70,1,1,4,4
24928,0,62,1,1,4,4
21059,0,88,2,1,8,4
18295,0,44,1,1,3,4
77395,0,59,1,1,2,4
3912,0,79,2,1,2,4
64839,0,72,1,1,3,4
7491,0,78,1,1,1,4
114146,0,58,1,1,3,4
110223,0,74,1,1,3,4
51425,0,53,3,1,4,4
102754,0,69,1,1,6,4
18057,0,71,1,1,2,4
115052,0,43,1,1,3,4
10864,0,79,2,1,5,4
36504,0,73,1,1,0,4
113203,0,59,1,1,2,4
107756,0,52,1,1,0,4
24987,0,44,1,1,3,4
25783,0,35,1,1,0,4
26781,0,49,2,1,3,4
107754,0,68,3,1,6,4
1427,0,76,1,1,5,4
2007,0,51,1,1,2,4
13621,0,49,1,1,5,4
112227,0,62,1,1,3,4
50448,0,59,1,1,1,4
21614,0,54,1,1,3,4
2613,0,69,1,1,2,4
100154,0,50,1,1,6,4
100697,0,74,1,1,5,4
67812,0,81,1,1,3,4
71408,0,74,1,1,1,4
3188,0,47,1,1,4,4
112071,0,81,1,1,8,4
48266,0,65,1,1,2,4
22968,0,54,1,1,7,4
51418,0,69,1,1,3,4
107932,0,79,1,1,2,4
35834,0,84,1,1,3,4
117552,0,79,4,1,4,4
102263,0,67,2,1,3,4
9372,0,77,1,1,2,4
104482,0,41,1,1,1,4
20650,0,65,1,1,3,4
11170,0,44,1,1,0,4
9091,0,52,1,1,1,4
44505,0,59,1,1,0,4
15673,0,47,1,1,6,4
55413,0,55,2,1,5,4
63802,0,62,1,1,3,4
107302,0,75,2,1,0,4
109953,0,51,2,1,0,4
113275,0,48,1,1,0,4
57460,0,66,1,1,6,4
31334,0,79,1,1,7,4
71621,0,56,1,1,6,4
49730,0,61,1,1,3,4
104614,0,61,1,1,0,4
64746,0,74,1,1,1,4
39577,0,84,1,1,5,4
50973,0,73,1,1,9,4
39232,0,63,2,1,2,4
114879,0,75,1,1,2,4
62335,0,53,1,1,3,4
11561,0,90,1,1,1,4
110928,0,69,1,1,6,4
71822,0,65,1,1,5,4
56211,0,71,1,1,6,4
105884,0,61,1,1,3,4
57196,0,57,1,1,3,4
108775,0,80,1,1,4,4
31140,0,54,1,1,6,4
71404,0,65,1,1,3,4
116583,0,64,1,1,4,4
105491,0,63,2,1,5,4
111889,0,56,1,1,2,4
29055,0,48,2,1,1,4
16497,0,72,1,1,3,4
10511,0,87,1,1,3,4
115622,0,72,2,1,7,4
25910,0,86,1,1,1,4
116355,0,84,1,1,5,4
57713,0,39,1,1,2,4
15359,0,56,2,1,2,4
6131,0,68,1,1,0,4
27188,0,46,1,1,2,4
32335,0,49,1,1,4,4
50530,0,53,1,1,3,4
32704,0,70,1,1,0,4
104533,0,75,1,1,6,4
103301,0,74,2,1,0,4
1062,0,73,1,1,6,4
32530,0,59,2,1,9,4
25812,0,60,1,1,0,4
115363,0,63,2,1,4,4
21078,0,49,1,1,0,4
19861,0,68,1,1,0,4
78032,0,62,1,1,3,4
109280,0,80,2,1,2,4
43071,0,72,1,1,1,4
18912,0,77,2,1,7,4
103650,0,47,2,1,4,4
104070,0,90,1,1,6,4
106064,0,71,1,1,2,4
100534,0,73,1,1,4,4
40536,0,38,1,1,2,4
99906,0,66,1,1,4,4
16174,0,82,2,1,4,4
31776,0,91,2,1,4,4
108346,0,65,1,1,0,4
18114,0,48,1,1,1,4
12406,0,65,1,1,4,4
18819,0,69,2,1,11,4
11289,0,71,1,1,4,4
49840,0,43,1,1,0,4
116608,0,68,1,1,5,4
17983,0,78,1,1,3,4
31910,0,46,2,1,2,4
110179,0,59,2,1,3,4
20060,0,85,1,1,2,4
103400,0,34,1,1,1,4
2722,0,69,1,1,3,4
75449,0,66,1,1,0,4
14665,0,79,3,1,1,4
39173,0,81,1,1,1,4
77840,0,76,1,1,3,4
44085,0,75,2,1,1,4
110250,0,85,1,1,6,4
112811,0,69,2,1,0,4
29715,0,81,1,1,3,4
37977,0,84,1,1,3,4
114515,0,47,1,1,7,4
246,0,64,1,1,4,4
49681,0,43,1,1,7,4
112204,0,86,1,1,6,4
118746,0,53,2,1,2,4
40207,0,56,1,1,6,4
111477,0,39,1,1,1,4
100592,0,79,1,1,7,4
16568,0,84,2,1,5,4
10865,0,57,2,1,3,4
5115,0,75,2,1,6,4
51665,0,74,2,1,6,4
52467,0,62,1,1,1,4
43381,0,81,2,1,3,4
14649,0,58,3,1,8,4
35565,0,36,1,1,3,4
58100,0,79,1,1,0,4
7270,0,57,1,1,4,4
43791,0,42,1,1,7,4
67125,0,69,1,1,5,4
11937,0,52,1,1,3,4
16926,0,32,1,1,2,4
69883,0,66,1,1,5,4
37671,0,52,1,1,1,4
19164,0,64,1,1,11,4
26217,0,60,1,1,5,4
12156,0,51,1,1,4,4
103575,0,81,2,1,2,4
34999,0,59,1,1,5,4
72363,0,78,1,1,1,4
6970,0,95,1,1,3,4
28354,0,51,1,1,6,4
71896,0,44,1,1,0,4
39487,0,32,1,1,1,4
12766,0,70,1,1,1,4
101930,0,62,2,1,5,4
108444,0,44,2,1,0,4
102356,0,58,1,1,1,4
66166,0,51,1,1,0,4
2313,0,89,1,1,1,4
56938,0,59,1,1,7,4
8541,0,74,1,1,2,4
113667,0,67,1,1,5,4
29875,0,54,1,1,2,4
103749,0,83,1,1,4,4
21154,0,57,1,1,3,4
17094,0,83,2,1,3,4
36032,0,74,1,1,5,4
41466,0,27,1,1,0,4
20643,0,59,1,1,1,4
4281,0,89,1,1,6,4
113894,0,67,2,1,7,4
104880,0,57,1,1,3,4
27586,0,71,1,1,3,4
31955,0,74,1,1,4,4
117602,0,46,1,1,4,4
20214,0,42,1,1,3,4
73981,0,61,2,1,5,4
42227,0,59,2,1,6,4
46929,0,68,2,1,3,4
36431,0,24,1,1,0,4
107376,0,84,1,1,5,4
66786,0,63,2,1,8,4
23103,0,82,1,1,4,4
59071,0,78,1,1,3,4
113420,0,86,1,1,4,4
12002,0,46,1,1,3,4
102964,0,41,1,1,5,4
31169,0,64,2,1,2,4
30266,0,67,1,1,0,4
50499,0,76,1,1,3,4
107193,0,62,2,1,8,4
12425,0,52,1,1,3,4
11959,0,62,1,1,5,4
65287,0,68,1,1,2,4
63017,0,57,1,1,6,4
71189,0,33,1,1,0,4
35070,0,73,1,1,3,4
77691,0,65,1,1,10,4
16618,0,59,2,1,7,4
118688,0,61,1,1,6,4
11945,0,63,1,1,7,4
103613,0,51,1,1,4,4
37948,0,86,1,1,6,4
113845,0,59,1,1,1,4
116455,0,54,1,1,6,4
51705,0,66,1,1,5,4
16215,0,31,1,1,2,4
30004,0,67,2,1,7,4
101262,0,76,2,1,2,4
11276,0,46,2,1,6,4
64735,0,69,2,1,1,4
71331,0,86,1,1,5,4
61793,0,49,1,1,4,4
116714,0,81,1,1,6,4
111833,0,64,1,1,5,4
14432,0,55,1,1,3,4
56208,0,68,1,1,5,4
17987,0,50,2,1,3,4
99451,0,53,2,1,4,4
60182,0,63,1,1,4,4
52241,0,66,1,1,4,4
51384,0,70,1,1,6,4
40005,0,61,1,1,0,4
56446,0,59,2,1,1,4
45331,0,74,2,1,5,4
37480,0,80,1,1,4,4
100578,0,74,1,1,7,4
7976,0,29,1,1,1,4
37975,0,56,3,1,3,4
38459,0,41,1,1,3,4
36729,0,67,1,1,0,4
110138,0,85,1,1,5,4
42556,0,68,2,1,9,4
35346,0,86,1,1,2,4
18556,0,67,1,1,2,4
114341,0,76,3,1,6,4
13171,0,54,1,1,5,4
35294,0,49,1,1,1,4
105218,0,49,1,1,5,4
118156,0,83,2,1,3,4
38595,0,71,2,1,3,4
22449,0,66,1,1,5,4
112211,0,84,1,1,8,4
116803,0,60,4,1,1,4
27062,0,37,1,1,2,4
65171,0,44,1,1,2,4
64181,0,64,2,1,3,4
39447,0,55,2,1,5,4
54499,0,80,1,1,6,4
116134,0,87,1,1,4,4
11330,0,75,1,1,5,4
53617,0,61,1,1,4,4
50534,0,58,2,1,5,4
11122,0,58,1,1,3,4
117783,0,90,2,1,2,4
19746,0,35,1,1,4,4
117657,0,47,1,1,6,4
2399,0,46,1,1,5,4
51189,0,73,1,1,2,4
57451,0,43,2,1,6,4
20900,0,56,1,1,7,4
66160,0,81,1,1,0,4
100272,0,65,1,1,6,4
15453,0,55,1,1,3,4
107253,0,61,1,1,3,4
105461,0,58,1,1,5,4
99630,0,80,2,1,5,4
15266,0,30,1,1,5,4
11676,0,75,2,1,4,4
13828,0,49,1,1,6,4
38754,0,70,1,1,7,4
73831,0,71,1,1,2,4
24008,0,45,1,1,5,4
46941,0,82,1,1,2,4
25773,0,52,3,1,4,4
2008,0,59,2,1,4,4
112815,0,77,1,1,2,4
101793,0,81,2,1,4,4
22520,0,51,1,1,3,4
41402,0,62,1,1,4,4
99481,0,77,1,1,7,4
50859,0,57,1,1,7,4
9243,0,72,1,1,7,4
110578,0,85,3,1,6,4
99386,0,89,2,1,1,4
17563,0,70,2,1,6,4
108500,0,77,1,1,0,4
63355,0,53,1,1,5,4
45878,0,64,1,1,1,4
72058,0,79,1,1,1,4
71675,0,68,1,1,2,4
76201,0,80,1,1,5,4
102841,0,52,1,1,8,4
71842,0,64,1,1,2,4
39595,0,73,1,1,5,4
113322,0,68,1,1,4,4
110660,0,48,1,1,4,4
107133,0,75,1,1,5,4
37287,0,68,1,1,2,4
104199,0,60,1,1,1,4
80154,0,87,1,1,3,4
103889,0,68,1,1,3,4
118115,0,98,1,1,6,4
19117,0,63,1,1,2,4
44356,0,80,1,1,4,4
110763,0,80,2,1,7,4
62158,0,41,2,1,0,4
44394,0,53,1,1,4,4
33609,0,69,1,1,5,4
11925,0,88,1,1,4,4
17923,0,67,1,1,5,4
6700,0,79,1,1,1,4
107557,0,63,1,1,6,4
103581,0,85,2,1,4,4
15599,0,52,3,1,3,4
110389,0,56,2,1,1,4
9293,0,53,1,1,4,4
30056,0,62,1,1,4,4
34237,0,51,2,1,2,4
41977,0,40,1,1,1,4
58567,0,60,1,1,2,4
12580,0,60,2,1,3,4
11558,0,77,1,1,2,4
32657,0,53,1,1,4,4
61733,0,34,1,1,3,4
4943,0,81,1,1,0,4
114319,0,68,1,1,5,4
37194,0,30,1,1,4,4
46535,0,82,1,1,3,4
99972,0,48,3,1,7,4
115329,0,57,2,1,3,4
106997,0,71,2,1,10,4
101711,0,57,1,1,3,4
35018,0,30,1,1,1,4
31934,0,70,1,1,4,4
39607,0,80,2,1,5,4
29767,0,67,1,1,4,4
25494,0,81,1,1,3,4
264,0,74,1,1,4,4
22801,0,67,1,1,1,4
29964,0,84,2,1,1,4
116682,0,65,1,1,7,4
100385,0,65,3,1,3,4
36644,0,70,1,1,6,4
117708,0,67,1,1,5,4
118338,0,43,1,1,2,4
71289,0,73,1,1,2,4
13312,0,61,1,1,6,4
29177,0,62,1,1,2,4
39440,0,65,1,1,4,4
11733,0,89,1,1,6,4
100181,0,63,1,1,1,4
35321,0,76,2,1,2,4
100484,0,84,1,1,2,4
47450,0,35,1,1,2,4
102657,0,68,2,1,5,4
62952,0,54,1,1,3,4
11281,0,66,1,1,3,4
67121,0,38,1,1,1,4
35144,0,75,1,1,3,4
30746,0,59,1,1,2,4
8342,0,51,1,1,7,4
65828,0,51,1,1,9,4
117808,0,58,1,1,3,4
50830,0,63,2,1,1,4
20965,0,51,1,1,3,4
31126,0,46,1,1,5,4
108531,0,72,1,1,1,4
107971,0,60,1,1,8,4
104920,0,54,1,1,2,4
77704,0,71,1,1,5,4
65118,0,66,1,1,6,4
33010,0,57,1,1,5,4
101386,0,55,2,1,2,4
32020,0,73,1,1,2,4
42357,0,68,1,1,4,4
100976,0,73,1,1,1,4
58742,0,28,1,1,3,4
117862,0,71,1,1,3,4
18082,0,70,1,1,6,4
116405,0,50,1,1,5,4
23679,0,30,1,1,2,4
64144,0,83,1,1,7,4
37792,0,92,1,1,5,4
18628,0,64,1,1,4,4
51382,0,58,3,1,5,4
112698,0,83,1,1,3,4
105559,0,73,1,1,0,4
32320,0,51,1,1,8,4
102354,0,70,2,1,2,4
71581,0,53,1,1,0,4
103323,0,73,1,1,6,4
102181,0,53,1,1,0,4
108715,0,74,1,1,3,4
109193,0,76,1,1,1,4
44302,0,72,2,1,1,4
16168,0,64,1,1,2,4
27202,0,76,1,1,3,4
106394,0,57,1,1,2,4
62591,0,32,1,1,3,4
118738,0,61,1,1,6,4
71602,0,58,2,1,4,4
117742,0,92,1,1,4,4
102470,0,69,1,1,6,4
112727,0,69,1,1,1,4
105865,0,61,1,1,2,4
80290,0,68,1,1,6,4
8665,0,63,1,1,3,4
14532,0,73,2,1,0,4
18835,0,84,1,1,5,4
23929,0,73,2,1,4,4
36680,0,54,2,1,3,4
21818,0,46,1,1,4,4
31181,0,40,1,1,0,4
105077,0,65,1,1,6,4
110463,0,65,2,1,0,4
115976,0,43,1,1,1,4
18625,0,61,1,1,5,4
68356,0,83,1,1,8,4
29064,0,83,1,1,1,4
41755,0,49,1,1,4,4
72013,0,45,1,1,4,4
103158,0,81,1,1,5,4
8843,0,34,1,1,1,4
80027,0,69,1,1,3,4
18481,0,72,1,1,4,4
38350,0,66,1,1,1,4
49731,0,74,1,1,2,4
110149,0,38,1,1,2,4
109134,0,73,1,1,5,4
113424,0,66,2,1,6,4
35524,0,57,1,1,1,4
44396,0,79,1,1,6,4
53898,0,50,2,1,1,4
13562,0,62,2,1,3,4
53652,0,74,1,1,8,4
113617,0,93,1,1,3,4
106308,0,74,2,1,4,4
32249,0,63,1,1,0,4
60063,0,57,1,1,7,4
71506,0,62,1,1,7,4
99498,0,62,1,1,6,4
52670,0,64,1,1,7,4
44305,0,40,1,1,3,4
15324,0,79,1,1,5,4
29351,0,59,1,1,6,4
115419,0,53,3,1,2,4
48331,0,52,2,1,5,4
45899,0,63,1,1,3,4
47802,0,62,2,1,3,4
99442,0,69,1,1,0,4
25716,0,50,1,1,6,4
43241,0,40,1,1,1,4
35390,0,59,1,1,2,4
102188,0,65,1,1,6,4
116546,0,65,2,1,1,4
37658,0,42,1,1,2,4
76366,0,68,1,1,4,4
15244,0,73,1,1,3,4
117339,0,62,1,1,4,4
73874,0,45,1,1,1,4
7527,0,85,1,1,5,4
7963,0,48,1,1,0,4
108902,0,50,1,1,1,4
53387,0,66,2,1,1,4
27746,0,68,1,1,5,4
9014,0,60,1,1,1,4
27901,0,73,1,1,9,4
101800,0,73,1,1,7,4
12609,0,72,1,1,4,4
117054,0,75,2,1,0,4
17571,0,44,1,1,2,4
39915,0,76,2,1,1,4
48749,0,43,1,1,5,4
39268,0,55,1,1,1,4
36026,0,74,1,1,4,4
66618,0,85,1,1,4,4
78653,0,59,1,1,5,4
9078,0,81,2,1,5,4
18287,0,73,1,1,4,4
112446,0,77,1,1,0,4
14858,0,63,2,1,7,4
100327,0,62,1,1,3,4
18005,0,47,2,1,4,4
105700,0,75,1,1,1,4
99421,0,42,1,1,5,4
99683,0,63,1,1,6,4
14953,0,80,1,1,4,4
105742,0,71,2,1,3,4
71375,0,73,2,1,3,4
102986,0,75,1,1,3,4
35615,0,55,1,1,3,4
37974,0,71,2,1,3,4
106035,0,59,2,1,6,4
109196,0,62,1,1,1,4
35290,0,63,1,1,2,4
111891,0,43,2,1,3,4
110640,0,71,1,1,2,4
20277,0,56,1,1,5,4
14865,0,72,1,1,7,4
12785,0,84,1,1,7,4
118634,0,57,1,1,10,4
15465,0,72,1,1,3,4
117911,0,85,1,1,4,4
60048,0,76,1,1,4,4
35956,0,66,1,1,5,4
109544,0,63,2,1,2,4
26811,0,64,1,1,3,4
105327,0,61,1,1,3,4
51473,0,74,1,1,1,4
114151,0,83,1,1,7,4
38349,0,78,2,1,4,4
26235,0,57,1,1,3,4
53345,0,59,1,1,7,4
63278,0,53,1,1,5,4
60391,0,62,1,1,2,4
7889,0,78,1,1,1,4
17560,0,71,1,1,8,4
35222,0,70,1,1,3,4
15468,0,55,1,1,0,4
26566,0,89,1,1,2,4
44923,0,75,1,1,2,4
62147,0,40,2,1,3,4
17121,0,38,2,1,0,4
21639,0,39,1,1,0,4
50091,0,48,2,1,5,4
100141,0,39,1,1,2,4
103057,0,59,1,1,2,4
39601,0,50,1,1,0,4
37512,0,31,1,1,2,4
50522,0,63,1,1,7,4
9370,0,50,1,1,3,4
40031,0,86,1,1,4,4
106105,0,53,1,1,5,4
36614,0,62,2,1,4,4
55444,0,41,1,1,2,4
105231,0,39,1,1,0,4
30210,0,51,1,1,5,4
36717,0,47,1,1,5,4
102726,0,36,1,1,2,4
12135,0,67,2,1,7,4
36370,0,71,1,1,6,4
115484,0,71,2,1,5,4
7832,0,75,1,1,6,4
4472,0,57,1,1,1,4
20092,0,80,1,1,6,4
29135,0,68,1,1,2,4
100656,0,83,1,1,3,4
5706,0,66,2,1,0,4
21859,0,73,2,1,4,4
115668,0,64,1,1,7,4
17520,0,67,1,1,7,4
72224,0,84,1,1,4,4
114992,0,72,2,1,9,4
7978,0,85,1,1,4,4
110565,0,46,1,1,4,4
104919,0,41,1,1,1,4
66548,0,80,1,1,2,4
57088,0,58,1,1,4,4
40526,0,43,2,1,2,4
35145,0,51,2,1,2,4
115135,0,75,1,1,2,4
71613,0,61,1,1,4,4
16001,0,54,1,1,4,4
26357,0,66,1,1,3,4
112551,0,65,1,1,6,4
48416,0,77,1,1,1,4
7499,0,48,1,1,3,4
64759,0,72,1,1,6,4
36039,0,67,1,1,0,4
18846,0,80,1,1,3,4
12920,0,78,1,1,5,4
20862,0,40,1,1,2,4
16297,0,38,1,1,5,4
101506,0,72,1,1,0,4
50084,0,89,1,1,3,4
18181,0,76,1,1,2,4
116927,0,60,1,1,3,4
105901,0,47,1,1,3,4
107391,0,49,1,1,0,4
72015,0,54,1,1,4,4
71788,0,62,1,1,4,4
7750,0,72,1,1,4,4
116347,0,79,1,1,7,4
116994,0,45,1,1,5,4
17284,0,55,1,1,2,4
58926,0,74,1,1,8,4
9231,0,62,1,1,5,4
101336,0,76,2,1,8,4
17217,0,58,1,1,2,4
55597,0,62,2,1,4,4
19671,0,74,1,1,5,4
35626,0,76,1,1,6,4
113312,0,59,1,1,5,4
72092,0,55,1,1,4,4
70688,0,40,1,1,3,4
11147,0,82,2,1,3,4
21138,0,47,1,1,0,4
42769,0,43,1,1,1,4
39493,0,51,2,1,4,4
80080,0,64,1,1,5,4
66110,0,62,2,1,4,4
14336,0,72,2,1,4,4
5695,0,50,1,1,0,4
35896,0,52,1,1,3,4
20915,0,81,2,1,6,4
103015,0,54,1,1,3,4
29812,0,76,2,1,6,4
7252,0,78,1,1,4,4
14538,0,90,1,1,5,4
43042,0,46,1,1,1,4
117194,0,76,1,1,7,4
71961,0,43,1,1,5,4
101389,0,63,2,1,1,4
99268,0,88,2,1,3,4
20949,0,44,1,1,4,4
50508,0,41,1,1,0,4
35742,0,79,1,1,3,4
109822,0,80,1,1,4,4
56432,0,78,1,1,4,4
106696,0,58,1,1,4,4
19032,0,51,1,1,3,4
108751,0,45,1,1,7,4
99824,0,72,1,1,6,4
7154,0,79,1,1,8,4
36294,0,85,1,1,5,4
109569,0,61,1,1,3,4
99505,0,59,2,1,5,4
52976,0,71,1,1,3,4
52164,0,41,1,1,2,4
104683,0,67,1,1,3,4
115358,0,70,1,1,2,4
38944,0,77,1,1,2,4
13985,0,79,1,1,7,4
66064,0,37,1,1,5,4
38454,0,44,1,1,4,4
27626,0,63,1,1,6,4
30553,0,74,1,1,2,4
28157,0,44,1,1,3,4
50776,0,84,1,1,2,4
110301,0,49,1,1,2,4
111328,0,60,1,1,5,4
21055,0,43,1,1,3,4
49213,0,60,1,1,4,4
43297,0,86,1,1,5,4
113665,0,55,1,1,4,4
110548,0,78,1,1,5,4
101874,0,34,1,1,3,4
71402,0,70,3,1,2,4
114699,0,64,1,1,3,4
110209,0,41,1,1,3,4
48588,0,88,1,1,2,4
46813,0,69,1,1,4,4
19287,0,47,1,1,4,4
101564,0,77,1,1,0,4
115906,0,55,1,1,3,4
16110,0,45,1,1,1,4
53048,0,55,2,1,5,4
106058,0,74,1,1,3,4
39949,0,62,1,1,4,4
113609,0,61,1,1,7,4
5478,0,69,2,1,5,4
36286,0,73,1,1,0,4
48014,0,69,2,1,6,4
35303,0,75,2,1,6,4
71610,0,66,1,1,5,4
39689,0,72,2,1,3,4
26441,0,90,1,1,6,4
100873,0,48,1,1,6,4
6148,0,64,1,1,4,4
116206,0,82,1,1,1,4
71278,0,53,1,1,6,4
30856,0,40,1,1,4,4
99582,0,58,1,1,2,4
11111,0,64,1,1,3,4
117655,0,83,1,1,4,4
12153,0,70,1,1,4,4
28690,0,77,1,1,6,4
45335,0,73,2,1,2,4
37154,0,68,2,1,3,4
26293,0,43,1,1,4,4
25979,0,59,1,1,4,4
18056,0,49,1,1,4,4
19372,0,56,1,1,3,4
45408,0,63,1,1,3,4
31525,0,67,2,1,8,4
37981,0,63,1,1,0,4
116512,0,73,1,1,6,4
118757,0,62,1,1,4,4
26115,0,43,2,1,0,4
62571,0,60,1,1,3,4
34209,0,76,2,1,4,4
25774,0,65,2,1,3,4
11422,0,70,1,1,3,4
105806,0,35,1,1,1,4
19506,0,36,1,1,1,4
32841,0,74,1,1,7,4
26365,0,84,3,1,6,4
29366,0,55,1,1,2,4
71241,0,58,3,1,6,4
67870,0,68,1,1,4,4
37633,0,39,1,1,3,4
17829,0,51,1,1,7,4
41461,0,75,1,1,2,4
102425,0,86,2,1,5,4
15187,0,65,1,1,5,4
62593,0,54,1,1,5,4
111145,0,45,1,1,3,4
15530,0,74,3,1,5,4
19454,0,69,1,1,8,4
99330,0,88,1,1,2,4
31782,0,59,1,1,3,4
8686,0,54,2,1,8,4
107584,0,76,2,1,3,4
45952,0,68,1,1,5,4
104053,0,76,4,1,5,4
48246,0,79,1,1,8,4
52,0,61,2,1,9,4
24656,0,83,1,1,6,4
103211,0,79,1,1,3,4
35849,0,80,1,1,8,4
14085,0,80,1,1,5,4
42249,0,51,2,1,7,4
42885,0,74,1,1,2,4
5134,0,88,2,1,6,4
44304,0,71,1,1,3,4
105886,0,58,1,1,1,4
47159,0,28,1,1,0,4
117045,0,66,2,1,6,4
100179,0,34,1,1,2,4
105823,0,53,2,1,4,4
60149,0,68,1,1,2,4
9868,0,64,1,1,4,4
107127,0,69,1,1,3,4
5979,0,80,2,1,4,4
102808,0,57,1,1,0,4
5622,0,80,1,1,2,4
46812,0,53,1,1,4,4
107221,0,43,2,1,2,4
102308,0,39,1,1,4,4
116993,0,73,2,1,1,4
7511,0,83,1,1,5,4
44464,0,70,1,1,6,4
31119,0,73,1,1,5,4
20630,0,75,1,1,3,4
103752,0,64,1,1,4,4
99466,0,69,1,1,4,4
865,0,76,1,1,5,4
41202,0,38,1,1,3,4
36609,0,62,1,1,8,4
58896,0,60,1,1,4,4
35855,0,71,1,1,1,4
101840,0,57,1,1,6,4
35252,0,35,1,1,2,4
17721,0,47,2,1,6,4
111518,0,76,1,1,2,4
14426,0,65,1,1,5,4
109238,0,65,1,1,5,4
11186,0,67,2,1,4,4
36737,0,51,2,1,8,4
73361,0,62,1,1,3,4
19857,0,72,1,1,5,4
26731,0,63,1,1,2,4
31780,0,34,1,1,1,4
33680,0,69,2,1,10,4
61503,0,67,2,1,5,4
44011,0,53,1,1,4,4
42146,0,63,1,1,4,4
35004,0,40,1,1,3,4
32997,0,35,1,1,2,4
99368,0,31,1,1,2,4
116975,0,54,1,1,5,4
15574,0,82,1,1,8,4
51442,0,75,3,1,2,4
9368,0,47,1,1,5,4
62453,0,61,1,1,5,4
9974,0,66,1,1,4,4
102507,0,76,3,1,4,4
18536,0,74,2,1,9,4
9532,0,71,1,1,3,4
71559,0,51,2,1,3,4
52523,0,48,1,1,2,4
101740,0,68,1,1,4,4
9869,0,51,1,1,2,4
18933,0,88,1,1,6,4
63009,0,76,2,1,3,4
8663,0,44,1,1,3,4
13564,0,48,1,1,5,4
12493,0,71,1,1,0,4
5886,0,93,1,1,5,4
29360,0,85,1,1,4,4
60038,0,74,2,1,4,4
55586,0,67,1,1,2,4
32918,0,61,1,1,6,4
39179,0,71,1,1,4,4
59069,0,41,1,1,4,4
39142,0,70,2,1,3,4
102649,0,86,1,1,4,4
79737,0,38,1,1,4,4
7423,0,77,1,1,3,4
111409,0,57,1,1,3,4
22756,0,56,2,1,3,4
6180,0,77,1,1,3,4
38456,0,58,2,1,3,4
71604,0,80,1,1,0,4
30257,0,85,1,1,5,4
113830,0,51,2,1,6,4
112229,0,61,1,1,2,4
99857,0,56,2,1,4,4
112569,0,79,1,1,1,4
38838,0,79,1,1,2,4
10280,0,39,1,1,2,4
37135,0,72,1,1,2,4
59998,0,65,1,1,1,4
111473,0,48,1,1,5,4
104345,0,84,1,1,4,4
39566,0,70,2,1,0,4
117459,0,66,1,1,4,4
47364,0,77,4,1,4,4
10287,0,43,1,1,4,4
27148,0,78,1,1,4,4
68739,0,65,2,1,4,4
31986,0,69,1,1,5,4
26209,0,63,1,1,5,4
107434,0,49,1,1,2,4
9365,0,64,1,1,3,4
6184,0,58,1,1,4,4
64335,0,67,1,1,3,4
18606,0,58,1,1,4,4
37418,0,63,1,1,7,4
109521,0,66,1,1,4,4
59533,0,57,1,1,4,4
63797,0,68,1,1,6,4
59697,0,51,1,1,3,4
44315,0,65,1,1,3,4
43012,0,82,1,1,3,4
80155,0,63,1,1,1,4
115751,0,78,1,1,0,4
109121,0,56,3,1,5,4
48953,0,61,1,1,3,4
29104,0,42,1,1,2,4
19157,0,50,1,1,3,4
27864,0,83,1,1,8,4
33251,0,71,1,1,2,4
16583,0,61,1,1,3,4
102920,0,58,1,1,5,4
39471,0,59,1,1,4,4
39584,0,73,1,1,4,4
43312,0,71,2,1,0,4
7900,0,72,2,1,7,4
43454,0,69,2,1,5,4
105017,0,75,2,1,2,4
66735,0,53,1,1,2,4
56990,0,62,1,1,0,4
25618,0,58,1,1,0,4
53342,0,64,1,1,2,4
103141,0,79,1,1,2,4
103084,0,85,2,1,4,4
110365,0,86,3,1,4,4
44818,0,35,1,1,4,4
4219,0,52,1,1,1,4
31147,0,64,1,1,4,4
51677,0,61,1,1,4,4
49370,0,81,1,1,4,4
78003,0,54,1,1,2,4
9331,0,44,1,1,3,4
37296,0,67,1,1,7,4
18513,0,56,1,1,3,4
63645,0,78,1,1,1,4
68947,0,61,2,1,3,4
35918,0,61,1,1,5,4
20526,0,77,1,1,7,4
108064,0,83,2,1,9,4
107562,0,57,2,1,3,4
53117,0,53,2,1,2,4
51179,0,61,1,1,7,4
72071,0,69,1,1,2,4
36744,0,59,1,1,6,4
99997,0,70,1,1,5,4
6133,0,85,3,1,0,4
16861,0,40,1,1,3,4
72214,0,58,1,1,6,4
35014,0,74,2,1,4,4
7411,0,87,1,1,7,4
14226,0,62,1,1,7,4
49893,0,61,1,1,2,4
115372,0,52,1,1,7,4
118082,0,70,1,1,3,4
1540,0,39,1,1,2,4
16226,0,35,1,1,3,4
114892,0,84,1,1,1,4
72144,0,49,1,1,0,4
21940,0,91,2,1,5,4
9168,0,58,2,1,3,4
34998,0,40,1,1,2,4
100115,0,71,1,1,5,4
54268,0,55,1,1,2,4
40099,0,32,1,1,0,4
29526,0,79,1,1,5,4
61966,0,77,1,1,0,4
106301,0,59,1,1,3,4
60906,0,60,2,1,4,4
3525,0,66,1,1,2,4
103756,0,86,2,1,7,4
16590,0,66,1,1,3,4
62888,0,61,2,1,12,4
113781,0,78,1,1,6,4
6041,0,78,2,1,3,4
19747,0,64,1,1,3,4
113913,0,80,1,1,3,4
31337,0,51,2,1,2,4
117434,0,80,1,1,6,4
66202,0,77,1,1,4,4
51725,0,43,1,1,5,4
47830,0,74,1,1,1,4
105732,0,70,1,1,3,4
20161,0,64,2,1,5,4
8531,0,52,1,1,3,4
111562,0,70,2,1,6,4
72101,0,69,1,1,6,4
105460,0,54,1,1,3,4
33394,0,68,1,1,5,4
111353,0,66,1,1,2,4
115108,0,55,1,1,5,4
29530,0,69,2,1,0,4
105946,0,74,2,1,0,4
18681,0,68,1,1,5,4
117154,0,79,3,1,2,4
105088,0,66,1,1,0,4
108431,0,75,2,1,6,4
5633,0,62,1,1,4,4
73315,0,65,1,1,5,4
11979,0,61,1,1,6,4
107264,0,83,1,1,3,4
2789,0,37,1,1,2,4
64884,0,61,1,1,3,4
107778,0,50,2,1,4,4
26168,0,74,1,1,3,4
47334,0,67,1,1,2,4
112796,0,78,3,1,4,4
71791,0,63,1,1,5,4
34878,0,65,2,1,4,4
25390,0,65,1,1,2,4
102458,0,62,2,1,0,4
15328,0,70,1,1,4,4
100841,0,65,1,1,4,4
40543,0,63,1,1,3,4
36245,0,52,2,1,6,4
46094,0,83,1,1,4,4
12336,0,67,1,1,3,4
107240,0,55,1,1,4,4
40128,0,83,2,1,8,4
74356,0,62,2,1,9,4
104815,0,76,3,1,10,4
42974,0,59,2,1,5,4
79715,0,83,1,1,0,4
26735,0,74,1,1,5,4
3692,0,59,1,1,5,4
103065,0,68,1,1,1,4
33851,1,62,1,1,6,3
39539,1,76,2,1,2,3
71653,1,54,1,1,5,3
36249,1,46,1,1,5,3
106522,1,84,3,1,3,3
61368,1,62,1,1,5,3
56919,1,78,3,1,4,3
19666,1,66,1,1,2,3
102961,1,77,1,1,7,3
63981,1,73,1,1,7,3
41686,1,56,1,1,0,3
100905,1,51,1,1,5,3
62325,1,43,1,1,4,3
6040,1,71,1,1,1,3
17659,1,69,1,1,3,3
46943,1,49,1,1,5,3
111481,1,70,2,1,7,3
9997,1,38,1,1,3,3
74667,1,84,1,1,8,3
66259,1,66,1,1,0,3
106381,1,51,3,1,3,3
57829,1,78,1,1,10,3
107514,2,56,2,1,2,3
30262,2,86,1,1,1,3
20933,2,80,1,1,3,3
5634,2,52,2,1,5,3
105908,2,78,1,1,3,3
112899,2,79,1,1,2,3
37119,2,33,1,1,1,3
103935,2,82,2,1,0,3
56245,2,75,1,1,3,3
68069,2,55,1,1,4,3
56851,2,79,1,1,6,3
42377,2,62,1,1,2,3
8394,2,80,1,1,3,3
111667,2,47,1,1,8,3
38405,2,61,2,1,3,3
106151,2,85,1,1,4,3
114031,2,71,1,1,0,3
15148,2,73,1,1,10,3
45506,2,79,2,1,4,3
117583,2,76,1,1,2,3
102153,2,49,1,1,6,3
2718,2,51,1,1,2,3
42330,2,58,1,1,5,3
111830,2,70,1,1,6,3
4662,2,71,1,1,2,3
41729,2,69,1,1,4,3
46804,2,67,1,1,2,3
42487,2,58,1,1,4,3
106033,2,73,1,1,1,3
27322,2,65,1,1,4,3
42336,2,77,1,1,0,3
115027,2,80,1,1,3,3
2732,2,37,1,1,2,3
106163,2,74,1,1,6,3
112176,2,64,1,1,4,3
116543,2,75,1,1,4,3
43759,2,44,2,1,1,3
80030,2,59,1,1,5,3
35575,2,83,1,1,7,3
15845,2,41,2,1,4,3
57235,2,80,3,1,11,3
46225,2,73,1,1,4,3
68735,2,61,1,1,0,3
67631,2,57,1,1,2,3
19560,2,46,1,1,4,3
17932,2,51,1,1,3,3
107803,2,77,2,1,4,3
15149,2,80,1,1,4,3
23311,2,53,1,1,7,3
54091,2,53,3,1,1,3
26295,2,85,1,1,4,3
16139,2,52,1,1,2,3
63273,2,77,2,1,5,3
58370,2,71,1,1,6,3
2787,2,60,3,1,4,3
44095,2,55,1,1,0,3
55299,2,83,1,1,2,3
108398,2,35,1,1,3,3
46531,2,76,1,1,1,3
2155,2,61,1,1,1,3
42880,2,74,1,1,2,3
117420,2,51,1,1,0,3
35769,2,42,2,1,1,3
116090,2,86,2,1,5,3
10292,2,81,2,1,5,3
115887,2,45,1,1,2,3
72057,2,45,1,1,3,3
55644,2,75,1,1,7,3
75033,2,72,1,1,1,3
110102,2,64,2,1,4,3
34497,2,71,2,1,7,3
11434,3,81,1,1,10,3
73654,3,74,1,1,3,3
39108,3,60,2,1,5,3
3583,3,36,1,1,3,3
105391,3,47,2,1,4,3
72111,3,75,1,1,7,3
42445,3,94,1,1,4,3
80286,3,65,1,1,6,3
25068,3,51,3,1,8,3
105571,3,87,2,1,7,3
41947,3,41,2,1,2,3
100718,3,72,1,1,4,3
102694,3,67,1,1,0,3
105926,3,52,2,1,4,3
102365,3,35,1,1,0,3
110818,3,74,1,1,3,3
3891,3,51,2,1,0,3
19668,3,70,1,1,10,3
33085,3,63,1,1,2,3
35286,3,58,2,1,4,3
6043,3,41,1,1,2,3
4690,3,69,1,1,3,3
32799,3,72,1,1,5,3
100222,3,69,1,1,7,3
24422,3,67,1,1,3,3
105588,3,47,1,1,3,3
12101,3,67,3,1,4,3
68067,3,66,1,1,3,3
3292,3,41,1,1,2,3
77649,3,37,1,1,5,3
16561,3,85,1,1,4,3
115575,3,67,2,1,4,3
68948,3,76,1,1,10,3
41584,3,80,2,1,7,3
6471,3,63,1,1,2,3
65021,3,56,2,1,5,3
112803,3,65,1,1,6,3
34791,3,64,1,1,4,3
60629,3,74,1,1,2,3
2150,3,60,1,1,4,3
20945,3,52,1,1,7,3
104412,3,54,1,1,3,3
38234,3,59,1,1,1,3
11984,3,53,2,1,5,3
112690,3,54,1,1,6,3
47185,3,87,1,1,5,3
108306,3,50,1,1,6,3
57132,3,81,1,1,1,3
116284,3,78,3,1,5,3
78346,3,76,1,1,2,3
43222,3,69,1,1,0,3
12924,3,80,4,1,6,3
35062,3,45,2,1,1,3
107087,3,59,1,1,4,3
116378,3,61,2,1,7,3
20252,3,58,1,1,7,3
7305,3,63,1,1,3,3
105390,3,49,2,1,4,3
108539,3,82,2,1,6,3
108669,4,71,2,1,8,3
75484,4,75,1,1,7,3
103019,4,86,1,1,0,3
80081,4,64,1,1,3,3
107209,4,66,2,1,7,3
17264,4,65,1,1,2,3
8195,4,69,1,1,4,3
6932,4,40,1,1,4,3
65045,4,64,1,1,3,3
11745,4,51,1,1,6,3
118088,4,58,1,1,0,3
12951,4,67,2,1,11,3
37990,4,81,1,1,3,3
34685,4,45,1,1,4,3
26266,4,78,1,1,5,3
25232,4,61,1,1,5,3
11072,4,75,1,1,2,3
113660,4,58,1,1,1,3
77265,4,82,1,1,6,3
55711,4,68,1,1,5,3
2716,4,63,1,1,3,3
34839,4,57,1,1,4,3
35753,4,84,1,1,3,3
7339,4,59,1,1,10,3
71201,4,60,1,1,5,3
99774,4,73,1,1,1,3
61260,4,63,2,1,1,3
27052,4,64,2,1,4,3
55726,4,84,2,1,3,3
111736,4,58,1,1,0,3
101369,4,54,1,1,4,3
101111,4,76,1,1,6,3
64531,4,60,1,1,1,3
72192,4,72,1,1,7,3
71460,4,38,1,1,0,3
25235,4,75,2,1,7,3
40859,4,30,1,1,1,3
42395,4,67,1,1,1,3
10766,4,84,2,1,8,3
104865,4,57,1,1,7,3
54116,4,73,1,1,4,3
50003,4,86,2,1,2,3
100303,4,62,2,1,7,3
104152,4,78,3,1,7,3
36807,4,73,2,1,4,3
48340,4,49,1,1,4,3
100088,4,56,4,1,6,3
6185,4,76,2,1,3,3
117519,4,67,1,1,5,3
53779,4,75,1,1,4,3
42056,4,72,1,1,0,3
30655,4,73,1,1,4,3
56008,4,88,2,1,4,3
34689,4,66,1,1,0,3
62575,4,37,1,1,2,3
108881,4,66,1,1,4,3
62071,4,70,3,1,4,3
71487,4,73,1,1,2,3
105813,4,65,1,1,2,3
100594,4,80,4,1,7,3
7128,4,71,1,1,1,3
100777,4,34,1,1,0,3
65212,4,85,3,1,3,3
109426,4,61,1,1,4,3
17130,4,78,2,1,3,3
71674,4,74,1,1,8,3
32401,4,82,1,1,4,3
80119,4,79,1,1,5,3
11028,4,68,1,1,5,3
68825,4,74,1,1,6,3
74900,4,84,1,1,6,3
115078,4,53,2,1,0,3
35385,4,61,1,1,5,3
67423,4,63,4,1,2,3
73877,4,81,1,1,1,3
108705,5,69,1,1,2,3
5698,5,75,2,1,1,3
29672,5,62,2,1,1,3
11430,5,67,2,1,2,3
74222,5,88,1,1,6,3
55505,5,59,1,1,4,3
17113,5,70,1,1,2,3
36061,5,87,1,1,4,3
71840,5,39,1,1,3,3
99506,5,63,2,1,0,3
35065,5,80,1,1,0,3
100084,5,50,2,1,4,3
35617,5,65,1,1,1,3
114025,5,75,1,1,5,3
107906,5,71,1,1,6,3
56993,5,52,1,1,5,3
21603,5,92,1,1,0,3
3340,5,48,1,1,2,3
27249,5,99,2,1,0,3
38222,5,71,1,1,1,3
41003,5,43,1,1,0,3
32024,5,70,1,1,2,3
72038,5,72,1,1,3,3
116283,5,68,1,1,6,3
39404,5,80,1,1,2,3
43544,5,74,1,1,2,3
18643,5,62,1,1,0,3
71897,5,82,2,1,7,3
25730,5,79,2,1,1,3
42434,5,62,2,1,2,3
36724,5,64,1,1,5,3
38033,5,49,1,1,6,3
50397,5,69,1,1,3,3
44503,5,87,1,1,6,3
18596,5,80,1,1,2,3
107548,5,54,1,1,4,3
19896,5,63,2,1,6,3
39099,5,78,1,1,0,3
47154,5,68,1,1,5,3
3723,6,70,1,1,7,3
106862,6,75,1,1,0,3
6029,6,62,2,1,1,3
33682,6,72,1,1,4,3
113799,6,82,1,1,3,3
73279,6,46,1,1,1,3
8107,6,44,2,1,3,3
106771,6,54,1,1,3,3
72188,6,72,1,1,2,3
6348,6,50,1,1,2,3
8868,6,57,2,1,4,3
41726,6,67,1,1,0,3
20963,6,47,1,1,0,3
33778,6,35,1,1,0,3
35392,6,74,1,1,2,3
106257,6,64,1,1,5,3
106881,6,62,2,1,8,3
117724,6,74,1,1,7,3
103732,6,66,1,1,3,3
11006,6,39,1,1,4,3
38078,6,66,1,1,8,3
56608,6,42,1,1,0,3
53846,6,55,1,1,5,3
107138,6,76,1,1,6,3
7262,6,65,2,1,5,3
111259,6,63,1,1,3,3
118481,6,47,1,1,6,3
115904,6,74,2,1,0,3
47177,6,60,1,1,1,3
37382,6,73,1,1,3,3
117006,6,75,1,1,5,3
44799,6,65,1,1,4,3
32607,6,45,2,1,6,3
41725,6,66,2,1,5,3
111665,6,76,1,1,5,3
34339,6,88,1,1,4,3
19675,6,51,1,1,0,3
29458,6,48,1,1,3,3
73753,6,62,1,1,8,3
20141,6,80,1,1,4,3
114311,6,91,1,1,3,3
103578,6,29,1,1,1,3
101424,6,53,2,1,6,3
71831,6,65,1,1,4,3
53523,6,34,1,1,1,3
50974,6,50,1,1,5,3
73984,6,37,1,1,4,3
106202,6,78,1,1,5,3
59811,6,70,2,1,7,3
5761,6,72,2,1,4,3
29421,6,65,2,1,3,3
46767,6,65,1,1,1,3
17203,6,79,1,1,0,3
68484,6,46,1,1,5,3
99284,6,54,2,1,1,3
113140,6,72,1,1,6,3
19921,6,56,2,1,1,3
114659,6,83,1,1,2,3
114427,6,76,1,1,2,3
71611,6,92,1,1,6,3
104137,6,42,2,1,4,3
32702,6,58,1,1,3,3
363,6,57,1,1,0,3
41827,6,65,1,1,0,3
71939,7,71,1,1,5,3
35120,7,83,3,1,5,3
42180,7,80,1,1,4,3
103106,7,89,2,1,4,3
99409,7,95,1,1,4,3
101175,7,71,1,1,6,3
110351,7,67,2,1,1,3
115112,7,65,2,1,1,3
16329,7,78,3,1,8,3
27328,7,62,1,1,1,3
62992,7,63,1,1,4,3
78305,7,66,1,1,3,3
64110,7,85,1,1,1,3
8819,7,60,2,1,8,3
67838,7,41,1,1,3,3
101922,7,60,1,1,6,3
106166,7,62,1,1,3,3
66072,8,65,1,1,8,3
41961,8,73,1,1,5,3
101320,8,71,3,1,2,3
117146,8,62,1,1,5,3
50590,8,80,1,1,2,3
57463,8,63,1,1,0,3
18913,8,74,1,1,6,3
110945,8,63,2,1,1,3
104580,8,66,1,1,5,3
7018,8,61,1,1,0,3
57233,8,68,1,1,2,3
4217,8,66,1,1,3,3
116585,8,39,2,1,0,3
39412,8,57,1,1,0,3
8985,8,65,2,1,0,3
39348,8,33,1,1,1,3
1265,8,31,1,1,3,3
38006,8,66,1,1,0,3
116042,8,57,1,1,5,3
51472,8,65,1,1,4,3
107101,8,71,1,1,6,3
100846,8,51,2,1,4,3
8425,8,39,1,1,2,3
18445,8,85,1,1,6,3
6346,8,41,1,1,5,3
101787,8,80,1,1,0,3
103424,8,77,1,1,2,3
68044,8,75,1,1,7,3
37547,8,78,2,1,3,3
72089,8,71,2,1,3,3
3370,8,58,2,1,6,3
115306,8,68,3,1,1,3
14248,8,67,1,1,0,3
62971,8,60,2,1,2,3
2947,8,46,1,1,0,3
8184,8,63,1,1,7,3
110971,8,51,1,1,7,3
6696,8,71,1,1,7,3
7120,8,78,1,1,6,3
37963,8,73,1,1,1,3
25762,8,85,1,1,3,3
7317,8,52,1,1,5,3
11919,8,63,1,1,4,3
106247,8,53,2,1,1,3
62379,8,72,2,1,4,3
68926,8,43,1,1,1,3
110034,8,88,1,1,7,3
13323,8,77,1,1,3,3
53432,8,47,1,1,5,3
42669,8,53,1,1,3,3
57095,8,60,1,1,4,3
108063,8,80,2,1,6,3
3320,8,33,1,1,1,3
71761,8,63,1,1,3,3
13809,8,68,1,1,3,3
44112,8,81,1,1,8,3
29687,8,67,1,1,10,3
55718,8,75,2,1,2,3
56697,8,43,2,1,2,3
45699,8,81,3,1,2,3
61520,8,77,2,1,2,3
53638,8,69,1,1,4,3
36092,8,82,1,1,7,3
37157,8,60,2,1,5,3
104664,8,52,1,1,3,3
49106,9,60,1,1,6,3
1913,9,62,1,1,2,3
115154,9,82,1,1,1,3
8232,9,64,1,1,5,3
118639,9,66,1,1,3,3
66296,9,49,1,1,4,3
10886,9,84,2,1,2,3
109317,9,50,2,1,8,3
53466,9,58,1,1,4,3
37805,9,70,2,1,6,3
56244,9,59,1,1,2,3
19014,9,64,1,1,5,3
11748,9,58,2,1,6,3
109259,9,40,1,1,6,3
29012,9,91,1,1,0,3
57097,9,54,2,1,4,3
102205,9,84,2,1,2,3
60434,9,65,1,1,4,3
71712,9,63,1,1,0,3
29613,9,60,1,1,7,3
57568,9,62,1,1,2,3
112867,9,66,1,1,3,3
117009,9,55,2,1,1,3
38407,9,53,2,1,3,3
113118,9,64,3,1,3,3
4880,9,75,1,1,2,3
32557,9,74,1,1,2,3
188,9,57,1,1,4,3
2185,9,57,1,1,7,3
80276,9,68,1,1,3,3
29194,9,73,1,1,2,3
75505,9,51,1,1,6,3
50518,9,76,1,1,6,3
31807,9,56,1,1,5,3
54304,9,61,1,1,3,3
33057,9,59,1,1,5,3
17818,9,65,2,1,9,3
59160,9,53,1,1,6,3
111720,9,73,1,1,6,3
17922,9,55,1,1,2,3
108129,9,69,1,1,2,3
61386,10,75,1,1,5,3
28817,10,77,1,1,7,3
117925,10,70,3,1,7,3
101026,10,88,1,1,0,3
102156,10,60,2,1,3,3
108932,10,82,2,1,1,3
71724,10,65,2,1,0,3
28803,10,62,1,1,2,3
40868,10,67,1,1,3,3
41669,10,53,1,1,4,3
105148,10,71,1,1,4,3
14256,10,59,1,1,2,3
4430,10,83,1,1,6,3
72821,10,73,1,1,5,3
29936,10,70,1,1,3,3
118642,10,56,1,1,3,3
110093,10,72,2,1,1,3
106757,10,93,1,1,3,3
55065,10,57,1,1,5,3
29214,10,55,1,1,3,3
114703,10,74,3,1,1,3
65957,10,86,2,1,0,3
3344,10,60,1,1,5,3
32498,10,58,1,1,4,3
117238,10,73,1,1,6,3
116374,10,59,1,1,0,3
60293,10,62,2,1,7,3
38287,10,62,1,1,0,3
102030,10,85,1,1,0,3
115311,10,59,1,1,9,3
30990,10,78,1,1,4,3
99397,10,77,1,1,4,3
56894,10,54,1,1,4,3
42039,10,48,1,1,9,3
71696,10,63,1,1,3,3
3299,10,49,1,1,0,3
3240,10,43,1,1,4,3
57676,10,39,1,1,5,3
53227,10,83,1,1,3,3
113626,10,75,1,1,9,3
111954,10,56,1,1,2,3
8566,10,45,1,1,4,3
55550,10,65,1,1,3,3
109059,10,74,1,1,6,3
111213,11,85,1,1,3,2
73020,11,51,1,1,4,2
19815,11,39,2,1,2,2
19909,11,88,1,1,7,2
9174,11,43,1,1,3,2
61396,11,57,1,1,8,2
74432,11,69,2,1,8,2
13332,11,72,3,1,10,2
102752,11,67,1,1,5,2
102092,11,85,1,1,8,2
15615,11,57,1,1,0,2
104791,11,77,1,1,5,2
25535,11,54,2,1,6,2
73096,11,61,1,1,5,2
71942,11,48,1,1,5,2
25883,11,64,2,1,3,2
103536,11,69,3,1,3,2
22275,11,68,2,1,7,2
6912,11,37,2,1,1,2
71671,11,43,2,1,1,2
8399,11,69,1,1,3,2
8687,11,86,1,1,5,2
99854,11,67,2,1,4,2
20777,11,38,1,1,1,2
12922,11,75,1,1,3,2
5361,11,58,1,1,0,2
73374,12,80,1,1,0,2
114375,12,43,1,1,6,2
64022,12,58,1,1,1,2
74276,12,60,1,1,5,2
101475,12,61,2,1,8,2
54939,12,35,1,1,2,2
3224,12,46,1,1,2,2
53134,12,67,1,1,8,2
9543,12,65,2,1,2,2
115564,12,58,2,1,0,2
4745,12,60,3,1,4,2
74350,12,64,2,1,1,2
8976,12,56,1,1,0,2
59521,12,75,2,1,5,2
114684,12,78,1,1,4,2
21919,12,41,1,1,4,2
61963,12,82,1,1,1,2
31354,12,53,1,1,1,2
73763,12,60,1,1,1,2
71496,12,80,1,1,1,2
11403,12,64,1,1,1,2
58861,12,78,3,1,8,2
74338,12,59,1,1,2,2
43731,12,81,1,1,3,2
1120,12,76,1,1,5,2
20943,12,70,1,1,2,2
64034,12,57,1,1,8,2
29159,12,52,1,1,4,2
5494,12,48,1,1,3,2
66562,12,45,2,1,1,2
10496,12,82,1,1,5,2
64017,12,65,1,1,3,2
117569,12,63,1,1,6,2
31501,12,80,1,1,4,2
73921,12,47,2,1,4,2
104593,13,74,2,1,7,2
29708,13,71,1,1,3,2
35770,13,28,1,1,2,2
99632,13,66,1,1,6,2
106425,13,81,1,1,6,2
101109,13,55,2,1,2,2
51306,13,69,2,1,3,2
31672,13,44,1,1,5,2
28350,13,56,1,1,1,2
6042,13,72,2,1,1,2
105310,13,44,1,1,5,2
36356,13,67,1,1,3,2
105895,13,72,1,1,0,2
55668,13,67,1,1,4,2
116870,14,67,1,1,3,2
63277,14,78,1,1,5,2
20110,14,45,2,1,5,2
10072,14,45,1,1,5,2
40799,14,51,3,1,5,2
64039,14,48,1,1,7,2
68371,14,72,1,1,6,2
71220,14,40,1,1,5,2
29792,14,52,1,1,3,2
57366,14,66,1,1,1,2
108187,14,63,1,1,9,2
50869,14,88,1,1,6,2
109708,14,49,1,1,6,2
111125,14,79,1,1,5,2
107610,14,61,2,1,0,2
64730,14,53,1,1,9,2
35550,14,64,1,1,4,2
99679,14,65,1,1,1,2
10013,14,73,1,1,5,2
41960,14,69,1,1,0,2
48044,14,69,2,1,3,2
66364,14,83,1,1,4,2
106826,14,78,1,1,0,2
72006,14,95,2,1,8,2
31210,14,49,1,1,2,2
5653,14,66,1,1,0,2
14372,14,71,1,1,0,2
80051,14,73,2,1,6,2
63224,14,82,2,1,3,2
111001,15,38,2,1,1,2
46718,15,70,1,1,5,2
113834,15,80,2,1,6,2
30979,15,71,2,1,5,2
64141,15,78,1,1,2,2
58376,15,84,1,1,7,2
107807,15,79,1,1,2,2
106156,15,67,2,1,5,2
2950,15,56,1,1,5,2
74520,15,65,1,1,5,2
31083,15,67,1,1,2,2
28401,15,55,1,1,6,2
29685,15,63,1,1,6,2
105247,15,89,2,1,6,2
8002,15,45,1,1,2,2
28813,15,63,1,1,7,2
113380,15,93,3,1,2,2
13205,15,66,2,1,6,2
118723,15,44,1,1,3,2
17541,15,80,2,1,3,2
74014,16,64,2,1,3,2
28438,16,74,1,1,2,2
49945,16,90,1,1,3,2
43777,16,64,2,1,3,2
5605,16,56,3,1,2,2
52369,16,76,1,1,6,2
104405,16,48,1,1,2,2
28430,16,48,1,1,2,2
112440,16,80,1,1,2,2
2123,16,65,1,1,2,2
1020,16,61,1,1,0,2
41285,16,63,2,1,4,2
67209,16,36,1,1,5,2
31467,16,79,1,1,3,2
101387,16,55,2,1,0,2
106904,16,61,1,1,6,2
19923,16,50,1,1,3,2
26648,16,55,1,1,6,2
20467,16,89,1,1,5,2
19856,16,80,2,1,2,2
60704,16,36,1,1,4,2
42398,17,49,1,1,3,2
72072,17,56,1,1,3,2
65478,17,62,1,1,7,2
50026,17,67,2,1,2,2
41331,17,78,1,1,6,2
103532,17,66,3,1,0,2
6230,17,73,1,1,7,2
71786,17,49,1,1,5,2
44051,18,68,1,1,4,2
41703,18,43,1,1,2,2
3403,18,57,2,1,7,2
44603,18,65,1,1,0,2
103220,18,48,1,1,5,2
108804,18,51,1,1,5,2
37634,18,45,2,1,6,2
57486,18,71,1,1,0,2
29433,18,39,1,1,2,2
103902,18,75,1,1,6,2
14582,18,52,2,1,2,2
64414,18,69,1,1,3,2
42294,18,64,1,1,2,2
104411,18,70,2,1,10,2
54629,18,75,1,1,6,2
115691,18,56,3,1,1,2
74259,18,78,1,1,5,2
71130,18,66,1,1,5,2
13754,18,52,1,1,2,2
12658,18,79,1,1,4,2
67872,18,71,2,1,5,2
100435,18,78,2,1,2,2
42421,18,35,1,1,0,2
17736,19,47,1,1,4,2
105420,19,41,1,1,4,2
8543,19,90,1,1,7,2
73661,20,66,2,1,11,2
41549,20,66,1,1,10,2
106184,20,61,1,1,0,2
61369,20,77,1,1,4,2
19410,20,82,1,1,6,2
20688,20,72,1,1,2,2
73397,20,81,1,1,5,2
102682,20,89,2,1,3,2
46868,20,71,1,1,8,2
49068,20,68,1,1,0,2
59051,20,69,1,1,3,2
71450,20,70,2,1,2,2
100006,20,65,1,1,7,2
19676,20,43,1,1,9,2
64773,20,65,1,1,5,2
102990,20,66,2,1,10,2
35559,20,50,1,1,4,2
17285,20,71,1,1,0,2
11215,20,55,2,1,5,2
73476,20,55,3,1,2,2
65934,21,76,1,1,4,2
46990,21,54,1,1,4,2
19859,21,78,2,1,4,2
41262,21,82,1,1,1,2
71718,21,48,1,1,5,2
27141,21,53,1,1,3,2
9329,21,81,2,1,3,2
8776,22,56,1,1,4,2
56373,22,69,1,1,4,2
103846,22,83,1,1,3,2
12717,22,70,1,1,6,2
109065,22,39,1,1,2,2
107875,22,70,2,1,5,2
2678,22,51,1,1,6,2
17891,22,67,1,1,0,2
114752,22,77,1,1,1,2
54267,22,70,1,1,6,2
104040,22,68,1,1,0,2
3206,22,66,1,1,3,2
24350,22,75,1,1,4,2
114048,22,60,2,1,0,2
72358,22,80,1,1,4,2
48963,22,65,1,1,0,2
26457,22,83,2,1,9,2
76606,23,52,1,1,5,2
102602,23,55,2,1,3,2
33387,23,81,2,1,7,2
21099,23,41,1,1,2,2
102460,23,58,1,1,4,2
72573,23,49,1,1,3,2
102019,24,89,1,1,6,2
104365,24,75,2,1,0,2
64754,24,69,1,1,6,2
9177,24,63,2,1,11,2
108417,24,74,1,1,6,2
49016,24,54,2,1,5,2
3678,24,71,1,1,3,2
55419,24,75,1,1,4,2
43295,24,56,1,1,4,2
48326,24,57,1,1,5,2
66287,24,75,1,1,5,2
109332,24,35,1,1,4,2
9001,25,63,1,1,6,2
12172,25,56,1,1,1,2
60037,25,57,1,1,2,2
106885,25,61,2,1,3,2
113331,25,65,1,1,1,2
111592,25,80,2,1,3,2
66862,25,60,2,1,4,2
110424,26,59,2,1,5,2
102155,26,73,2,1,4,2
64771,26,77,1,1,0,2
42341,26,75,1,1,6,2
117894,26,46,1,1,3,2
67447,26,82,1,1,10,2
50049,27,83,1,1,1,2
105325,27,61,1,1,3,2
56114,27,68,1,1,1,2
111802,27,89,3,1,8,2
42104,27,62,2,1,5,2
113357,27,83,1,1,9,2
107673,27,74,1,1,0,2
20705,27,62,1,1,5,2
117183,27,77,2,1,0,2
9878,27,45,1,1,3,2
31284,27,55,1,1,5,2
40467,27,61,1,1,8,2
100417,28,61,1,1,7,2
116229,28,87,1,1,5,2
106172,28,67,3,1,2,2
40309,28,64,1,1,4,2
4296,28,60,1,1,2,2
2541,28,72,1,1,6,2
58374,29,75,1,1,2,2
108636,29,83,1,1,4,2
40057,29,55,2,1,10,2
10044,29,48,1,1,2,2
10416,29,86,1,1,4,2
111179,29,65,2,1,8,2
118502,29,72,1,1,0,2
61446,29,81,1,1,4,2
115281,30,74,1,1,7,2
9929,30,80,2,1,7,2
65243,30,82,1,1,1,2
118064,30,57,1,1,0,2
101921,30,78,1,1,4,2
105570,30,87,1,1,6,2
58391,30,72,2,1,5,2
117918,30,71,1,1,5,2
113708,30,68,2,1,9,2
101248,31,63,1,1,0,2
76,31,71,1,1,5,2
34064,31,49,2,1,2,2
80432,31,82,1,1,4,2
113633,31,51,1,1,2,2
47047,32,45,1,1,3,2
108650,32,81,2,1,3,2
36298,32,63,1,1,5,2
102747,32,58,1,1,0,2
108922,32,69,1,1,5,2
54905,33,73,1,1,4,2
114814,33,87,2,1,8,2
116533,33,54,2,1,4,2
8587,34,53,2,1,3,2
71541,34,56,1,1,0,2
34134,34,55,1,1,2,2
104927,34,60,1,1,6,2
8004,34,74,1,1,4,2
50868,35,75,1,1,10,2
113442,35,69,3,1,2,2
116777,35,69,1,1,4,2
64865,35,52,1,1,1,2
70942,35,45,1,1,4,2
29122,35,76,1,1,4,2
52919,36,63,1,1,4,2
73728,36,76,1,1,4,2
34492,36,68,1,1,4,2
11216,36,71,1,1,0,2
28562,36,52,1,1,3,2
59732,37,50,1,1,1,2
41677,37,51,2,1,6,2
56092,37,77,1,1,5,2
106127,38,51,1,1,6,2
38410,38,71,2,1,11,2
100368,38,74,1,1,2,2
11453,38,90,2,1,8,2
101974,38,63,1,1,3,2
73761,39,70,1,1,4,2
114258,40,72,2,1,6,2
2117,40,51,1,1,3,2
73951,40,73,1,1,5,2
74031,40,50,1,1,5,2
74013,40,74,1,1,5,2
36053,40,51,2,1,3,2
116904,40,48,2,1,5,2
9546,41,84,1,1,4,2
54945,41,84,2,1,4,2
69005,41,76,1,1,6,2
11799,41,77,1,1,3,2
107948,41,36,1,1,1,2
9747,42,72,1,1,2,2
76331,42,70,1,1,5,2
72315,42,74,1,1,4,2
17507,42,65,1,1,8,2
30866,42,44,2,1,9,2
72843,42,67,1,1,10,2
73156,42,78,2,1,4,2
102927,42,76,1,1,6,2
24964,42,49,1,1,2,2
109424,43,55,2,1,0,2
110991,43,58,1,1,1,2
103366,43,36,1,1,3,2
56371,43,66,1,1,2,2
109136,43,71,1,1,6,2
110033,44,81,1,1,5,2
105383,44,76,2,1,5,2
17384,45,51,1,1,0,2
106292,45,67,1,1,0,2
103387,45,63,1,1,5,2
46772,45,70,1,1,7,2
17532,45,57,1,1,3,2
116081,46,57,1,1,3,2
13669,46,81,1,1,3,2
101171,46,78,1,1,6,2
109465,46,76,2,1,4,2
6491,46,64,1,1,4,2
40418,46,84,1,1,5,2
54858,46,70,2,1,5,2
29130,46,75,1,1,0,2
7087,46,77,1,1,5,2
6750,46,80,1,1,7,2
107644,47,79,1,1,5,2
52646,47,60,1,1,8,2
55443,47,76,1,1,3,2
99308,48,76,1,1,8,2
41015,48,77,1,1,0,2
58792,48,71,1,1,4,2
112953,48,53,1,1,5,2
68417,49,78,1,1,2,2
116552,49,66,2,1,1,2
41451,49,73,1,1,6,2
37444,49,60,1,1,5,2
37467,49,74,1,1,5,2
46886,49,62,1,1,3,2
73971,50,83,1,1,0,2
114910,50,67,1,1,1,2
21135,50,43,1,1,3,2
10838,50,47,1,1,1,2
108230,50,60,1,1,7,2
101984,50,77,1,1,9,2
104104,50,83,1,1,5,2
32548,50,61,1,1,6,2
118477,50,64,2,1,5,2
67979,51,57,1,1,6,2
48001,51,59,1,1,0,2
118162,51,78,1,1,4,2
12325,51,57,1,1,6,2
16116,52,78,1,1,5,2
23014,52,78,2,1,6,2
99877,52,65,1,1,5,2
3872,52,72,2,1,0,2
8575,52,53,1,1,1,2
71215,52,66,1,1,3,2
27944,52,64,1,1,5,2
53558,52,72,1,1,5,2
100684,53,73,1,1,5,2
44460,54,50,1,1,4,2
118320,55,69,1,1,3,2
56621,55,56,1,1,3,2
41924,56,80,1,1,3,2
33702,56,82,1,1,6,2
102278,56,60,2,1,7,2
35943,56,79,1,1,1,2
71618,56,62,1,1,1,2
38219,57,63,1,1,0,2
13736,58,61,1,1,4,2
30304,58,78,1,1,4,2
111813,58,82,1,1,0,2
112290,59,71,2,1,5,2
101935,59,88,3,1,1,2
104194,59,78,2,1,5,2
106273,60,77,2,1,7,2
65246,60,72,1,1,5,2
109422,60,45,2,1,0,2
35549,60,44,1,1,2,2
75383,61,76,1,1,7,2
1129,61,93,1,1,3,2
36945,61,37,1,1,3,2
36306,61,59,1,1,4,2
67148,62,59,1,1,4,2
6633,62,69,2,1,2,2
8924,62,73,2,1,0,2
18266,62,67,2,1,1,2
8923,62,82,1,1,4,2
44791,63,69,1,1,6,2
71,64,97,1,1,2,2
15099,64,64,1,1,7,2
45767,65,57,1,1,2,2
58936,65,69,1,1,9,2
108413,65,70,1,1,2,2
118740,65,56,1,1,3,2
29959,65,66,1,1,1,2
63305,66,59,1,1,1,2
105676,66,61,2,1,6,2
8579,66,51,2,1,1,2
104150,66,54,1,1,0,2
45164,66,70,1,1,7,2
104668,66,52,2,1,12,2
79977,66,57,1,1,1,2
52948,66,71,1,1,5,2
3677,67,68,1,1,2,2
103516,67,74,1,1,5,2
38366,68,67,1,1,1,2
106076,68,63,2,1,0,2
37373,69,45,1,1,3,2
63306,69,51,1,1,1,2
71787,69,48,1,1,4,2
107942,70,63,1,1,0,2
33695,70,65,1,1,7,2
105956,70,72,1,1,4,2
28819,70,60,1,1,4,2
29642,70,76,1,1,2,2
110007,70,49,1,1,3,2
104175,70,84,2,1,0,2
49895,70,36,1,1,4,2
72120,71,73,2,1,2,2
118350,72,64,1,1,2,2
111664,72,80,1,1,5,2
99890,72,40,1,1,1,2
109579,72,59,2,1,6,2
24666,73,60,2,1,10,2
2923,73,63,1,1,3,2
115168,74,52,1,1,8,2
74212,74,45,2,1,4,2
107580,74,55,1,1,2,2
17389,74,73,1,1,2,2
114776,74,69,1,1,9,2
117792,74,37,1,1,4,2
107522,75,54,1,1,4,2
114277,75,72,1,1,4,2
36697,76,84,1,1,2,1
6934,76,70,3,1,5,1
47044,77,69,1,1,1,1
40795,77,54,2,1,9,1
116703,77,69,1,1,4,1
74428,78,85,1,1,1,1
57011,78,41,1,1,5,1
4117,78,33,1,1,1,1
8412,78,60,1,1,7,1
44621,78,88,1,1,7,1
72989,78,85,1,1,4,1
108454,78,46,1,1,2,1
39786,78,85,1,1,5,1
106959,78,48,1,1,8,1
3623,78,76,1,1,2,1
111463,78,63,2,1,7,1
4353,79,76,1,1,5,1
114908,80,71,1,1,4,1
56481,80,43,1,1,5,1
44618,80,77,1,1,6,1
37840,80,51,1,1,2,1
56353,81,74,1,1,0,1
105816,81,63,1,1,5,1
113106,81,55,1,1,4,1
109180,81,73,1,1,5,1
109561,81,80,1,1,0,1
46115,82,74,2,1,6,1
14671,82,76,1,1,4,1
41978,82,77,1,1,7,1
43324,83,75,2,1,7,1
17530,83,56,1,1,6,1
15206,83,54,3,1,7,1
117244,83,60,2,1,0,1
102831,83,73,1,1,5,1
116155,83,73,2,1,5,1
109693,83,68,1,1,3,1
114082,83,65,1,1,4,1
113112,84,61,2,1,1,1
14813,84,41,1,1,1,1
51241,84,88,3,1,0,1
19320,84,54,2,1,7,1
9178,84,76,1,1,10,1
103070,84,39,1,1,3,1
111381,85,90,1,1,2,1
72043,85,58,1,1,5,1
109012,85,61,2,1,1,1
56627,85,50,1,1,3,1
22834,86,58,1,1,6,1
117533,86,61,1,1,3,1
52949,86,72,4,1,2,1
105102,86,70,1,1,3,1
23964,86,53,1,1,3,1
52446,86,69,1,1,4,1
28933,86,49,1,1,3,1
110944,86,37,1,1,1,1
77917,86,54,2,1,5,1
44166,87,66,2,1,2,1
34508,87,59,1,1,2,1
36477,87,72,1,1,2,1
110180,87,62,2,1,1,1
34824,87,74,1,1,3,1
50963,88,47,2,1,4,1
21141,88,60,1,1,0,1
4228,88,63,1,1,4,1
14138,88,55,1,1,0,1
34046,88,55,2,1,6,1
38015,88,66,1,1,0,1
3952,88,56,2,1,4,1
5474,88,82,1,1,2,1
110791,88,71,1,1,4,1
38359,88,80,2,1,1,1
101828,88,66,1,1,5,1
22090,88,53,1,1,6,1
21845,89,37,1,1,2,1
42571,89,42,1,1,6,1
5548,89,59,1,1,4,1
46502,90,64,3,1,7,1
31557,90,53,2,1,3,1
34356,90,42,1,1,5,1
32010,90,37,1,1,2,1
108426,90,58,2,1,10,1
107378,90,67,1,1,8,1
75426,90,77,1,1,2,1
71949,90,69,1,1,7,1
25686,90,42,1,1,2,1
32500,90,43,2,1,4,1
42284,90,42,2,1,5,1
112048,90,36,1,1,1,1
6669,90,66,1,1,6,1
1454,91,77,1,1,9,1
100042,91,51,2,1,6,1
42572,91,71,2,1,3,1
102776,92,41,1,1,3,1
109608,92,68,1,1,2,1
25086,92,67,2,1,3,1
113038,92,66,3,1,5,1
118386,92,51,1,1,3,1
105068,93,74,2,1,6,1
44712,93,52,1,1,4,1
17801,94,49,1,1,0,1
28808,94,80,1,1,6,1
27386,94,43,2,1,3,1
53142,94,50,1,1,5,1
13,95,71,1,1,0,1
47721,95,68,2,1,1,1
102908,95,82,1,1,0,1
108327,95,72,1,1,5,1
15536,96,78,1,1,7,1
71883,96,86,1,1,5,1
102373,96,89,2,1,1,1
71908,96,55,1,1,0,1
49709,96,38,1,1,0,1
36424,97,71,1,1,2,1
44604,97,57,1,1,0,1
52990,98,83,1,1,5,1
102612,98,70,2,1,0,1
46691,99,45,1,1,3,1
74515,99,38,1,1,3,1
26250,99,57,1,1,0,1
59565,99,39,1,1,2,1
108239,99,66,1,1,5,1
22941,100,70,1,1,9,1
55842,100,70,3,1,11,1
116340,100,61,1,1,0,1
38412,100,57,2,1,3,1
63840,100,56,2,1,6,1
30675,100,73,1,1,6,1
42760,100,65,1,1,2,1
99740,100,80,2,1,6,1
56285,101,55,1,1,4,1
38272,101,73,3,1,4,1
101751,101,66,1,1,9,1
18787,101,53,2,1,0,1
106620,101,94,2,1,2,1
50805,102,45,1,1,5,1
72102,102,83,1,1,4,1
110740,102,70,2,1,2,1
8476,102,35,1,1,3,1
42077,103,67,1,1,0,1
108490,103,52,1,1,4,1
113610,104,50,1,1,6,1
116701,104,75,1,1,1,1
44600,104,89,1,1,5,1
48069,104,80,1,1,7,1
110896,104,85,1,1,5,1
116814,104,82,1,1,5,1
46947,104,61,1,1,3,1
39780,104,62,1,1,3,1
48082,105,92,2,1,2,1
109099,105,63,1,1,7,1
28814,105,72,1,1,6,1
113867,105,73,1,1,3,1
961,105,68,1,1,8,1
22963,105,50,1,1,8,1
55951,105,82,1,1,0,1
29323,106,63,1,1,1,1
61094,106,75,1,1,4,1
113557,106,63,3,1,7,1
106330,106,81,2,1,3,1
109020,106,44,1,1,3,1
71763,106,77,1,1,8,1
38411,109,87,1,1,2,1
5386,109,77,1,1,0,1
57420,109,76,2,1,8,1
50386,110,90,1,1,5,1
118725,110,71,1,1,7,1
111024,110,67,1,1,4,1
51805,111,67,1,1,1,1
46133,111,82,2,1,4,1
110537,112,67,1,1,1,1
53566,112,85,2,1,8,1
110285,112,60,1,1,8,1
11375,112,74,4,1,8,1
114508,112,55,1,1,3,1
6136,113,70,1,1,3,1
4762,113,51,1,1,6,1
49032,113,56,1,1,2,1
32159,114,52,1,1,5,1
41817,114,50,1,1,7,1
68043,114,64,1,1,1,1
37683,114,50,1,1,4,1
45163,114,55,1,1,4,1
72223,114,86,2,1,1,1
14510,114,50,1,1,2,1
44537,115,74,1,1,3,1
100626,116,65,2,1,4,1
43321,116,85,1,1,0,1
103964,116,43,1,1,8,1
116902,116,70,2,1,5,1
31560,116,67,1,1,2,1
36478,116,66,1,1,3,1
16083,117,78,2,1,7,1
56294,117,85,1,1,4,1
47249,118,61,1,1,3,1
38275,118,77,1,1,4,1
60302,118,46,1,1,5,1
15103,118,67,1,1,0,1
30676,118,57,1,1,6,1
110110,118,75,1,1,6,1
33067,119,59,1,1,5,1
45734,119,61,2,1,7,1
51800,119,67,1,1,0,1
71087,120,46,1,1,3,1
14749,120,63,1,1,3,1
56057,120,60,1,1,5,1
58835,120,91,1,1,9,1
20234,120,56,1,1,0,1
18917,120,57,1,1,7,1
107657,121,84,1,1,9,1
79390,121,65,2,1,3,1
24952,122,83,1,1,6,1
44498,122,46,1,1,1,1
1216,122,74,1,1,3,1
10993,122,64,1,1,1,1
104751,123,85,1,1,6,1
57349,123,75,1,1,4,1
48931,123,36,1,1,5,1
39778,123,63,2,1,8,1
100802,123,72,1,1,3,1
43325,123,60,1,1,4,1
111063,124,63,1,1,0,1
112121,124,63,1,1,5,1
118591,124,73,1,1,1,1
104108,124,70,1,1,6,1
48125,125,72,2,1,6,1
14301,125,90,1,1,6,1
43060,125,71,1,1,5,1
101376,125,36,1,1,2,1
25687,126,73,1,1,7,1
44622,126,69,2,1,8,1
117927,126,70,2,1,4,1
104079,126,61,1,1,1,1
108067,127,66,1,1,2,1
107921,127,78,2,1,3,1
8498,127,60,1,1,6,1
1816,127,63,1,1,7,1
50815,128,74,2,1,11,1
101773,128,70,1,1,0,1
14362,128,40,1,1,1,1
43496,128,40,1,1,2,1
32585,129,62,1,1,2,1
8581,129,53,1,1,3,1
72369,129,48,1,1,3,1
57118,130,78,1,1,3,1
113129,130,79,1,1,8,1
31712,130,78,3,1,3,1
74746,130,73,2,1,4,1
57383,130,54,1,1,6,1
105922,130,80,1,1,6,1
36612,130,76,1,1,4,1
57801,132,71,1,1,6,1
40037,132,65,1,1,3,1
4516,132,66,1,1,6,1
105605,133,78,1,1,7,1
104359,133,41,2,1,7,1
44730,134,65,1,1,2,1
44494,134,75,1,1,5,1
113434,134,55,1,1,2,1
12718,134,77,1,1,7,1
43571,134,34,1,1,1,1
36548,134,84,3,1,7,1
46861,134,65,1,1,7,1
31380,134,81,1,1,4,1
107929,134,79,1,1,1,1
42930,135,76,1,1,2,1
60110,135,63,1,1,7,1
44666,135,30,1,1,1,1
76323,135,77,3,1,8,1
38130,135,70,2,1,11,1
111406,135,39,1,1,0,1
5526,135,78,2,1,0,1
26349,136,42,1,1,3,1
101944,136,74,1,1,4,1
25682,136,55,1,1,3,1
72384,137,76,1,1,5,1
42155,137,77,2,1,9,1
25683,138,57,1,1,0,1
46808,138,51,1,1,3,1
118508,138,42,1,1,4,1
106976,138,62,1,1,3,1
100207,138,62,1,1,6,1
115794,138,59,1,1,2,1
32157,139,56,2,1,1,1
102681,139,77,2,1,6,1
18016,140,72,1,1,6,1
26319,140,39,1,1,3,1
61674,140,39,1,1,1,1
38245,140,75,1,1,1,1
104703,140,76,1,1,0,1
42484,140,54,1,1,5,1
57414,140,29,1,1,1,1
14187,140,88,1,1,5,1
17503,140,75,1,1,5,1
115899,141,69,1,1,0,1
25262,141,63,1,1,0,1
35901,141,70,1,1,4,1
13130,141,53,1,1,2,1
31696,142,50,1,1,2,1
70449,142,66,1,1,3,1
27423,142,69,1,1,3,1
35726,142,61,1,1,0,1
37448,142,60,1,1,6,1
43158,142,76,1,1,6,1
6485,142,66,1,1,7,1
114289,144,75,1,1,3,1
102928,144,61,3,1,6,1
4541,144,71,2,1,3,1
101993,144,77,3,1,12,1
68323,146,69,3,1,9,1
35938,146,42,1,1,4,1
60765,146,77,1,1,10,1
53431,146,36,1,1,1,1
9381,146,52,1,1,0,1
49048,146,63,2,1,5,1
26345,146,66,1,1,5,1
1815,146,60,1,1,5,1
99677,147,72,2,1,2,1
2922,147,68,1,1,7,1
43185,147,72,2,1,7,1
45762,148,71,1,1,2,1
40033,148,92,1,1,2,1
39798,148,68,1,1,6,1
5150,148,70,1,1,6,1
118534,149,49,1,1,4,1
12154,149,45,1,1,0,1
106006,149,72,1,1,8,1
64682,150,68,1,1,7,1
78895,150,53,1,1,0,1
55611,150,90,1,1,0,1
5782,151,49,3,1,3,1
80412,151,58,1,1,4,1
23438,151,78,1,1,6,1
1155,152,80,1,1,6,1
6787,152,52,2,1,4,1
57704,153,58,1,1,3,1
38185,153,65,1,1,1,1
11003,153,78,1,1,0,1
115567,154,63,1,1,1,1
55982,154,63,1,1,3,1
102832,154,71,2,1,7,1
43062,154,58,1,1,6,1
10843,154,66,1,1,6,1
40055,154,68,1,1,4,1
25680,154,87,1,1,6,1
15593,155,45,1,1,6,1
40027,156,45,1,1,6,1
12,156,87,1,1,7,1
104928,156,64,1,1,4,1
43522,157,66,1,1,13,1
15492,157,69,1,1,5,1
31282,157,87,1,1,8,1
6239,157,57,1,1,7,1
3680,158,53,2,1,7,1
41529,158,69,1,1,5,1
68937,159,65,1,1,4,1
67608,160,57,3,1,7,1
32155,160,65,1,1,3,1
40011,160,74,2,1,3,1
115777,162,81,3,1,9,1
106193,163,75,1,1,5,1
75762,165,64,2,1,5,1
103206,165,79,2,1,7,1
39781,165,75,1,1,6,1
41320,167,47,1,1,4,1
103989,168,81,2,1,2,1
106993,168,68,1,1,4,1
107713,168,66,1,1,0,1
13628,168,72,2,1,6,1
7612,168,71,1,1,5,1
13090,169,54,1,1,4,1
7043,170,65,1,1,6,1
44595,170,54,1,1,3,1
74217,170,68,1,1,8,1
6493,170,68,1,1,5,1
15355,172,36,1,1,4,1
79730,173,87,1,1,4,1
6948,178,71,1,1,4,1
48211,180,88,2,1,1,1
78912,180,43,2,1,5,1
72100,180,47,1,1,7,1
14666,180,65,1,1,4,1
9468,180,47,1,1,1,1
57631,180,59,1,1,4,1
29698,181,84,3,1,8,1
107908,182,46,1,1,0,1
34850,183,81,1,1,2,1
100922,184,57,1,1,4,1
107343,187,56,1,1,0,1
68941,188,70,1,1,8,1
40064,190,86,2,1,0,1
35261,190,80,1,1,3,1
56491,191,60,1,1,4,1
110980,193,74,2,1,3,1
36313,193,67,2,1,6,1
11682,194,61,1,1,2,1
104697,194,78,1,1,1,1
106937,196,63,2,1,4,1
36997,196,77,1,1,8,1
55694,198,61,1,1,7,1
5519,198,78,2,1,2,1
57803,198,61,1,1,4,1
65869,199,76,1,1,2,1
7795,200,79,1,1,0,1
60882,203,52,1,1,5,1
56671,205,60,1,1,6,1
15731,208,66,1,1,3,1
41334,209,84,1,1,6,1
58837,213,72,1,1,8,1
57167,215,52,1,1,4,1
74518,215,75,1,1,6,1
42569,216,49,1,1,3,1
115035,221,74,1,1,7,1
102567,222,63,2,1,8,1
22418,224,46,1,1,6,1
44264,225,87,1,1,4,1
14374,228,71,1,1,7,1
102379,229,82,1,1,0,1
8583,235,46,1,1,2,1
72077,238,64,3,1,1,1
8361,240,64,1,1,7,1
107079,241,68,2,1,6,1
43144,243,62,1,1,4,1
26895,243,57,1,1,5,1
5096,247,66,1,1,5,1
7614,250,80,2,1,5,1
50249,252,68,1,1,4,1
6313,254,64,2,1,8,1
72335,259,72,1,1,3,1
821,269,53,1,1,4,1
37909,270,56,1,1,4,1
60759,278,82,1,1,5,1
56328,285,70,1,1,4,1
30956,287,77,1,1,6,1
100615,297,74,1,1,4,1
4198,300,73,1,1,6,1
27557,301,61,1,1,2,1
35640,316,31,1,1,3,1
15950,319,88,1,1,7,1
8358,327,55,1,1,1,1
1215,328,73,2,1,3,1
6597,345,68,1,1,3,1
3819,373,71,1,1,3,1
10028,379,68,1,1,2,1
6637,385,63,1,1,4,1
79838,392,65,2,1,4,1
22187,392,65,3,1,9,1
15888,415,64,1,1,4,1
58510,419,79,1,1,4,1
31109,435,68,1,1,7,1
14125,519,68,1,1,6,1
60688,562,62,1,1,5,1
7861,582,52,1,1,7,1
14120,602,87,1,1,4,1
43957,930,72,1,1,7,1
